"","rounds","cntry","lang","exp_name","groups","sample_size"
"1",1,"AT",NA,"media_use",2,972
"2",1,"CH",NA,"media_use",1,368
"3",1,"CZ",NA,"media_use",1,663
"4",1,"NO",NA,"media_use",1,315
"5",1,"SI",NA,"media_use",1,218
"6",1,"AT",NA,"media_use",1,1281
"7",1,"BE",NA,"media_use",1,297
"8",1,"ES",NA,"media_use",1,285
"9",1,"NO",NA,"media_use",2,294
"10",1,"SE",NA,"media_use",1,691
"11",1,"NL",NA,"media_use",2,1149
"12",1,"NL",NA,"media_use",1,1194
"13",1,"FR",NA,"media_use",1,696
"14",1,"IE",NA,"media_use",1,368
"15",1,"FR",NA,"media_use",2,655
"16",1,"FI",NA,"media_use",1,463
"17",1,"SI",NA,"media_use",2,253
"18",1,"IL",NA,"media_use",2,416
"19",1,"IL",NA,"media_use",1,271
"20",1,"GB",NA,"media_use",2,902
"21",1,"GB",NA,"media_use",1,884
"22",1,"GR",NA,"media_use",2,1302
"23",1,"GR",NA,"media_use",1,1264
"24",1,"IE",NA,"media_use",2,291
"25",1,"PL",NA,"media_use",1,1034
"26",1,"FI",NA,"media_use",2,883
"27",1,"DK",NA,"media_use",1,745
"28",1,"CZ",NA,"media_use",2,646
"29",1,"PT",NA,"media_use",1,242
"30",1,"PL",NA,"media_use",2,1071
"31",1,"PT",NA,"media_use",2,250
"32",1,"BE",NA,"media_use",2,302
"33",1,"DK",NA,"media_use",2,731
"34",1,"DE",NA,"media_use",1,471
"35",1,"DE",NA,"media_use",2,471
"36",1,"ES",NA,"media_use",2,285
"37",1,"CH",NA,"media_use",2,331
"38",1,"SE",NA,"media_use",2,824
"39",1,"AT",NA,"social_trust",2,972
"40",1,"CZ",NA,"social_trust",1,662
"41",1,"AT",NA,"social_trust",1,1278
"42",1,"CH",NA,"social_trust",2,317
"43",1,"CH",NA,"social_trust",1,340
"44",1,"SI",NA,"social_trust",2,242
"45",1,"PT",NA,"social_trust",1,251
"46",1,"SE",NA,"social_trust",1,860
"47",1,"NL",NA,"social_trust",2,1144
"48",1,"NL",NA,"social_trust",1,1190
"49",1,"FR",NA,"social_trust",1,695
"50",1,"FR",NA,"social_trust",2,655
"51",1,"FI",NA,"social_trust",1,891
"52",1,"NO",NA,"social_trust",2,299
"53",1,"IL",NA,"social_trust",2,389
"54",1,"IL",NA,"social_trust",1,428
"55",1,"GB",NA,"social_trust",2,895
"56",1,"GB",NA,"social_trust",1,882
"57",1,"GR",NA,"social_trust",2,1300
"58",1,"GR",NA,"social_trust",1,1264
"59",1,"IE",NA,"social_trust",1,365
"60",1,"IE",NA,"social_trust",2,299
"61",1,"ES",NA,"social_trust",2,289
"62",1,"FI",NA,"social_trust",2,883
"63",1,"PL",NA,"social_trust",1,1033
"64",1,"DK",NA,"social_trust",1,745
"65",1,"BE",NA,"social_trust",2,315
"66",1,"NO",NA,"social_trust",1,306
"67",1,"CZ",NA,"social_trust",2,640
"68",1,"BE",NA,"social_trust",1,328
"69",1,"PL",NA,"social_trust",2,1065
"70",1,"ES",NA,"social_trust",1,293
"71",1,"DK",NA,"social_trust",2,721
"72",1,"SI",NA,"social_trust",1,253
"73",1,"PT",NA,"social_trust",2,248
"74",1,"DE",NA,"social_trust",2,472
"75",1,"DE",NA,"social_trust",1,465
"76",1,"SE",NA,"social_trust",2,832
"77",1,"AT",NA,"political_efficacy",2,972
"78",1,"CH",NA,"political_efficacy",1,367
"79",1,"CZ",NA,"political_efficacy",1,661
"80",1,"NO",NA,"political_efficacy",1,315
"81",1,"SI",NA,"political_efficacy",1,259
"82",1,"AT",NA,"political_efficacy",1,1281
"83",1,"BE",NA,"political_efficacy",1,306
"84",1,"ES",NA,"political_efficacy",1,283
"85",1,"NO",NA,"political_efficacy",2,300
"86",1,"SE",NA,"political_efficacy",1,860
"87",1,"NL",NA,"political_efficacy",2,1148
"88",1,"NL",NA,"political_efficacy",1,1194
"89",1,"FR",NA,"political_efficacy",1,694
"90",1,"IE",NA,"political_efficacy",1,367
"91",1,"FR",NA,"political_efficacy",2,653
"92",1,"FI",NA,"political_efficacy",1,889
"93",1,"SI",NA,"political_efficacy",2,253
"94",1,"IL",NA,"political_efficacy",2,416
"95",1,"IL",NA,"political_efficacy",1,412
"96",1,"GB",NA,"political_efficacy",2,905
"97",1,"GB",NA,"political_efficacy",1,890
"98",1,"GR",NA,"political_efficacy",2,1298
"99",1,"GR",NA,"political_efficacy",1,1262
"100",1,"IE",NA,"political_efficacy",2,291
"101",1,"FI",NA,"political_efficacy",2,883
"102",1,"PL",NA,"political_efficacy",1,1031
"103",1,"DK",NA,"political_efficacy",1,743
"104",1,"CZ",NA,"political_efficacy",2,641
"105",1,"PT",NA,"political_efficacy",1,242
"106",1,"PL",NA,"political_efficacy",2,1063
"107",1,"PT",NA,"political_efficacy",2,250
"108",1,"BE",NA,"political_efficacy",2,303
"109",1,"DK",NA,"political_efficacy",2,727
"110",1,"DE",NA,"political_efficacy",1,472
"111",1,"DE",NA,"political_efficacy",2,470
"112",1,"ES",NA,"political_efficacy",2,285
"113",1,"CH",NA,"political_efficacy",2,331
"114",1,"SE",NA,"political_efficacy",2,832
"115",1,"AT",NA,"political_trust",2,970
"116",1,"CZ",NA,"political_trust",1,659
"117",1,"PT",NA,"political_trust",2,240
"118",1,"AT",NA,"political_trust",1,1273
"119",1,"SI",NA,"political_trust",1,251
"120",1,"BE",NA,"political_trust",2,277
"121",1,"SE",NA,"political_trust",1,861
"122",1,"NL",NA,"political_trust",2,1141
"123",1,"NL",NA,"political_trust",1,1190
"124",1,"FR",NA,"political_trust",1,701
"125",1,"FR",NA,"political_trust",2,654
"126",1,"BE",NA,"political_trust",1,305
"127",1,"FI",NA,"political_trust",1,892
"128",1,"IL",NA,"political_trust",1,408
"129",1,"IL",NA,"political_trust",2,404
"130",1,"GB",NA,"political_trust",2,899
"131",1,"GB",NA,"political_trust",1,886
"132",1,"IE",NA,"political_trust",1,299
"133",1,"GR",NA,"political_trust",2,1294
"134",1,"GR",NA,"political_trust",1,1260
"135",1,"FI",NA,"political_trust",2,879
"136",1,"NO",NA,"political_trust",2,290
"137",1,"PL",NA,"political_trust",1,1025
"138",1,"SI",NA,"political_trust",2,253
"139",1,"DK",NA,"political_trust",1,741
"140",1,"CZ",NA,"political_trust",2,627
"141",1,"ES",NA,"political_trust",1,272
"142",1,"NO",NA,"political_trust",1,292
"143",1,"PL",NA,"political_trust",2,1050
"144",1,"CH",NA,"political_trust",2,336
"145",1,"DK",NA,"political_trust",2,723
"146",1,"DE",NA,"political_trust",1,449
"147",1,"DE",NA,"political_trust",2,485
"148",1,"PT",NA,"political_trust",1,248
"149",1,"CH",NA,"political_trust",1,342
"150",1,"ES",NA,"political_trust",2,281
"151",1,"IE",NA,"political_trust",2,280
"152",1,"SE",NA,"political_trust",2,802
"153",1,"AT",NA,"political_satisfaction",2,972
"154",1,"CZ",NA,"political_satisfaction",1,657
"155",1,"AT",NA,"political_satisfaction",1,1279
"156",1,"CH",NA,"political_satisfaction",2,313
"157",1,"CH",NA,"political_satisfaction",1,339
"158",1,"SI",NA,"political_satisfaction",2,240
"159",1,"PT",NA,"political_satisfaction",1,246
"160",1,"SE",NA,"political_satisfaction",1,865
"161",1,"NL",NA,"political_satisfaction",2,1146
"162",1,"NL",NA,"political_satisfaction",1,1192
"163",1,"FR",NA,"political_satisfaction",1,693
"164",1,"FR",NA,"political_satisfaction",2,653
"165",1,"FI",NA,"political_satisfaction",1,887
"166",1,"NO",NA,"political_satisfaction",2,298
"167",1,"IL",NA,"political_satisfaction",2,388
"168",1,"IL",NA,"political_satisfaction",1,429
"169",1,"GB",NA,"political_satisfaction",2,900
"170",1,"GB",NA,"political_satisfaction",1,881
"171",1,"GR",NA,"political_satisfaction",2,1297
"172",1,"GR",NA,"political_satisfaction",1,1260
"173",1,"IE",NA,"political_satisfaction",1,361
"174",1,"IE",NA,"political_satisfaction",2,296
"175",1,"ES",NA,"political_satisfaction",2,287
"176",1,"FI",NA,"political_satisfaction",2,882
"177",1,"PL",NA,"political_satisfaction",1,1016
"178",1,"DK",NA,"political_satisfaction",1,739
"179",1,"BE",NA,"political_satisfaction",2,315
"180",1,"NO",NA,"political_satisfaction",1,305
"181",1,"CZ",NA,"political_satisfaction",2,622
"182",1,"BE",NA,"political_satisfaction",1,316
"183",1,"PL",NA,"political_satisfaction",2,1053
"184",1,"ES",NA,"political_satisfaction",1,289
"185",1,"DK",NA,"political_satisfaction",2,720
"186",1,"SI",NA,"political_satisfaction",1,254
"187",1,"PT",NA,"political_satisfaction",2,241
"188",1,"DE",NA,"political_satisfaction",2,474
"189",1,"DE",NA,"political_satisfaction",1,466
"190",1,"SE",NA,"political_satisfaction",2,830
"191",1,"AT",NA,"left-right_orientation",2,970
"192",1,"CZ",NA,"left-right_orientation",1,655
"193",1,"PT",NA,"left-right_orientation",2,237
"194",1,"AT",NA,"left-right_orientation",1,1275
"195",1,"SI",NA,"left-right_orientation",1,251
"196",1,"BE",NA,"left-right_orientation",2,286
"197",1,"SE",NA,"left-right_orientation",1,860
"198",1,"NL",NA,"left-right_orientation",2,1143
"199",1,"NL",NA,"left-right_orientation",1,1191
"200",1,"FR",NA,"left-right_orientation",1,698
"201",1,"FR",NA,"left-right_orientation",2,653
"202",1,"BE",NA,"left-right_orientation",1,302
"203",1,"FI",NA,"left-right_orientation",1,887
"204",1,"IL",NA,"left-right_orientation",1,410
"205",1,"IL",NA,"left-right_orientation",2,403
"206",1,"GB",NA,"left-right_orientation",2,894
"207",1,"GB",NA,"left-right_orientation",1,883
"208",1,"IE",NA,"left-right_orientation",1,302
"209",1,"GR",NA,"left-right_orientation",2,1292
"210",1,"GR",NA,"left-right_orientation",1,1259
"211",1,"FI",NA,"left-right_orientation",2,882
"212",1,"NO",NA,"left-right_orientation",2,291
"213",1,"PL",NA,"left-right_orientation",1,1023
"214",1,"SI",NA,"left-right_orientation",2,252
"215",1,"DK",NA,"left-right_orientation",1,732
"216",1,"CZ",NA,"left-right_orientation",2,633
"217",1,"ES",NA,"left-right_orientation",1,275
"218",1,"NO",NA,"left-right_orientation",1,292
"219",1,"PL",NA,"left-right_orientation",2,1055
"220",1,"CH",NA,"left-right_orientation",2,334
"221",1,"DK",NA,"left-right_orientation",2,710
"222",1,"DE",NA,"left-right_orientation",1,450
"223",1,"PT",NA,"left-right_orientation",1,246
"224",1,"DE",NA,"left-right_orientation",2,485
"225",1,"CH",NA,"left-right_orientation",1,343
"226",1,"ES",NA,"left-right_orientation",2,281
"227",1,"IE",NA,"left-right_orientation",2,280
"228",1,"SE",NA,"left-right_orientation",2,829
"229",2,"AT","GER","political_trust",2,727
"230",2,"SI","SLV","political_trust",1,453
"231",2,"UA","RUS","political_trust",1,342
"232",2,"LU","LTZ","political_trust",2,370
"233",2,"PT","POR","political_trust",1,564
"234",2,"CH","FRE","political_trust",1,172
"235",2,"ES","SPA","political_trust",1,584
"236",2,"UA","RUS","political_trust",2,363
"237",2,"LU","FRE","political_trust",2,119
"238",2,"PT","POR","political_trust",2,718
"239",2,"SI","SLV","political_trust",2,437
"240",2,"TR","TUR","political_trust",2,615
"241",2,"AT","GER","political_trust",1,734
"242",2,"LU","LTZ","political_trust",1,362
"243",2,"SK","SLO","political_trust",2,476
"244",2,"TR","TUR","political_trust",1,623
"245",2,"NL","DUT","political_trust",1,612
"246",2,"NL","DUT","political_trust",2,591
"247",2,"PL","POL","political_trust",1,571
"248",2,"LU","FRE","political_trust",1,141
"249",2,"CH","FRE","political_trust",2,148
"250",2,"EE","EST","political_trust",2,451
"251",2,"FI","FIN","political_trust",2,150
"252",2,"SK","SLO","political_trust",1,485
"253",2,"IE","ENG","political_trust",1,200
"254",2,"EE","RUS","political_trust",2,173
"255",2,"UA","UKR","political_trust",2,314
"256",2,"GB","ENG","political_trust",2,610
"257",2,"EE","EST","political_trust",1,497
"258",2,"ES","SPA","political_trust",2,495
"259",2,"GB","ENG","political_trust",1,630
"260",2,"IE","ENG","political_trust",2,202
"261",2,"DE","GER","political_trust",1,954
"262",2,"DE","GER","political_trust",2,946
"263",2,"PL","POL","political_trust",2,564
"264",2,"EE","RUS","political_trust",1,151
"265",2,"UA","UKR","political_trust",1,320
"266",2,"GR","GRE","political_trust",2,792
"267",2,"GR","GRE","political_trust",1,815
"268",2,"NO","NOR","political_trust",2,166
"269",2,"FI","FIN","political_trust",1,163
"270",2,"NO","NOR","political_trust",1,186
"271",2,"BE","DUT","political_trust",1,330
"272",2,"BE","DUT","political_trust",2,340
"273",2,"CH","GEM","political_trust",2,514
"274",2,"CH","GEM","political_trust",1,499
"275",2,"FR","FRE","political_trust",2,604
"276",2,"FR","FRE","political_trust",1,533
"277",2,"DK","DAN","political_trust",1,484
"278",2,"BE","FRE","political_trust",1,245
"279",2,"BE","FRE","political_trust",2,250
"280",2,"CZ","CZE","political_trust",1,856
"281",2,"DK","DAN","political_trust",2,467
"282",2,"IT","ITA","political_trust",1,411
"283",2,"CZ","CZE","political_trust",2,726
"284",2,"IT","ITA","political_trust",2,383
"285",2,"AT","GER","political_satisfaction",2,715
"286",2,"CZ","CZE","political_satisfaction",1,1108
"287",2,"PT","POR","political_satisfaction",1,742
"288",2,"SK","SLO","political_satisfaction",1,490
"289",2,"UA","RUS","political_satisfaction",1,369
"290",2,"LU","LTZ","political_satisfaction",2,363
"291",2,"SI","SLV","political_satisfaction",1,446
"292",2,"UA","UKR","political_satisfaction",1,307
"293",2,"AT","GER","political_satisfaction",1,766
"294",2,"LU","FRE","political_satisfaction",2,119
"295",2,"PT","POR","political_satisfaction",2,723
"296",2,"SI","SLV","political_satisfaction",2,446
"297",2,"TR","TUR","political_satisfaction",2,598
"298",2,"TR","TUR","political_satisfaction",1,595
"299",2,"SK","SLO","political_satisfaction",2,472
"300",2,"NO","NOR","political_satisfaction",1,191
"301",2,"DK","DAN","political_satisfaction",1,505
"302",2,"IE","ENG","political_satisfaction",1,221
"303",2,"UA","RUS","political_satisfaction",2,350
"304",2,"NL","DUT","political_satisfaction",2,593
"305",2,"PL","POL","political_satisfaction",1,566
"306",2,"CH","FRE","political_satisfaction",2,147
"307",2,"EE","EST","political_satisfaction",2,449
"308",2,"ES","SPA","political_satisfaction",1,483
"309",2,"FI","FIN","political_satisfaction",2,150
"310",2,"LU","LTZ","political_satisfaction",1,391
"311",2,"EE","RUS","political_satisfaction",2,168
"312",2,"LU","FRE","political_satisfaction",1,136
"313",2,"UA","UKR","political_satisfaction",2,303
"314",2,"GB","ENG","political_satisfaction",2,607
"315",2,"GB","ENG","political_satisfaction",1,625
"316",2,"ES","SPA","political_satisfaction",2,494
"317",2,"DE","GER","political_satisfaction",1,956
"318",2,"IE","ENG","political_satisfaction",2,204
"319",2,"NL","DUT","political_satisfaction",1,625
"320",2,"DE","GER","political_satisfaction",2,945
"321",2,"EE","EST","political_satisfaction",1,488
"322",2,"PL","POL","political_satisfaction",2,557
"323",2,"CH","FRE","political_satisfaction",1,177
"324",2,"FI","FIN","political_satisfaction",1,159
"325",2,"CH","GEM","political_satisfaction",1,524
"326",2,"EE","RUS","political_satisfaction",1,175
"327",2,"GR","GRE","political_satisfaction",2,784
"328",2,"GR","GRE","political_satisfaction",1,795
"329",2,"NO","NOR","political_satisfaction",2,166
"330",2,"BE","DUT","political_satisfaction",1,345
"331",2,"BE","DUT","political_satisfaction",2,340
"332",2,"CH","GEM","political_satisfaction",2,519
"333",2,"BE","FRE","political_satisfaction",1,260
"334",2,"FR","FRE","political_satisfaction",2,603
"335",2,"FR","FRE","political_satisfaction",1,557
"336",2,"BE","FRE","political_satisfaction",2,249
"337",2,"DK","DAN","political_satisfaction",2,467
"338",2,"IT","ITA","political_satisfaction",2,385
"339",2,"IT","ITA","political_satisfaction",1,435
"340",2,"CZ","CZE","political_satisfaction",2,626
"341",2,"AT","GER","evaluation_of_doctors",2,705
"342",2,"CZ","CZE","evaluation_of_doctors",1,1113
"343",2,"PT","POR","evaluation_of_doctors",1,739
"344",2,"SK","SLO","evaluation_of_doctors",1,485
"345",2,"UA","RUS","evaluation_of_doctors",1,370
"346",2,"LU","LTZ","evaluation_of_doctors",2,368
"347",2,"SI","SLV","evaluation_of_doctors",1,451
"348",2,"UA","UKR","evaluation_of_doctors",1,304
"349",2,"AT","GER","evaluation_of_doctors",1,755
"350",2,"UA","RUS","evaluation_of_doctors",2,353
"351",2,"LU","FRE","evaluation_of_doctors",2,121
"352",2,"PT","POR","evaluation_of_doctors",2,721
"353",2,"SI","SLV","evaluation_of_doctors",2,449
"354",2,"TR","TUR","evaluation_of_doctors",2,591
"355",2,"TR","TUR","evaluation_of_doctors",1,593
"356",2,"SK","SLO","evaluation_of_doctors",2,471
"357",2,"DK","DAN","evaluation_of_doctors",1,506
"358",2,"IE","ENG","evaluation_of_doctors",1,222
"359",2,"NL","DUT","evaluation_of_doctors",2,591
"360",2,"PL","POL","evaluation_of_doctors",1,555
"361",2,"CH","FRE","evaluation_of_doctors",2,148
"362",2,"EE","EST","evaluation_of_doctors",2,432
"363",2,"ES","SPA","evaluation_of_doctors",1,485
"364",2,"FI","FIN","evaluation_of_doctors",2,150
"365",2,"LU","LTZ","evaluation_of_doctors",1,400
"366",2,"EE","RUS","evaluation_of_doctors",2,160
"367",2,"LU","FRE","evaluation_of_doctors",1,144
"368",2,"UA","UKR","evaluation_of_doctors",2,306
"369",2,"GB","ENG","evaluation_of_doctors",2,611
"370",2,"GB","ENG","evaluation_of_doctors",1,625
"371",2,"ES","SPA","evaluation_of_doctors",2,498
"372",2,"DE","GER","evaluation_of_doctors",1,947
"373",2,"IE","ENG","evaluation_of_doctors",2,204
"374",2,"NL","DUT","evaluation_of_doctors",1,629
"375",2,"DE","GER","evaluation_of_doctors",2,941
"376",2,"EE","EST","evaluation_of_doctors",1,468
"377",2,"PL","POL","evaluation_of_doctors",2,560
"378",2,"CH","FRE","evaluation_of_doctors",1,177
"379",2,"FI","FIN","evaluation_of_doctors",1,159
"380",2,"CH","GEM","evaluation_of_doctors",1,522
"381",2,"GR","GRE","evaluation_of_doctors",2,779
"382",2,"GR","GRE","evaluation_of_doctors",1,789
"383",2,"EE","RUS","evaluation_of_doctors",1,174
"384",2,"BE","DUT","evaluation_of_doctors",1,345
"385",2,"BE","DUT","evaluation_of_doctors",2,343
"386",2,"CH","GEM","evaluation_of_doctors",2,517
"387",2,"BE","FRE","evaluation_of_doctors",1,261
"388",2,"FR","FRE","evaluation_of_doctors",2,599
"389",2,"FR","FRE","evaluation_of_doctors",1,557
"390",2,"BE","FRE","evaluation_of_doctors",2,251
"391",2,"DK","DAN","evaluation_of_doctors",2,467
"392",2,"IT","ITA","evaluation_of_doctors",2,379
"393",2,"IT","ITA","evaluation_of_doctors",1,435
"394",2,"CZ","CZE","evaluation_of_doctors",2,620
"395",2,"CZ","CZE","gender_inequalities",1,1119
"396",2,"PT","POR","gender_inequalities",1,743
"397",2,"SK","SLO","gender_inequalities",1,482
"398",2,"UA","RUS","gender_inequalities",1,375
"399",2,"SI","SLV","gender_inequalities",2,460
"400",2,"UA","RUS","gender_inequalities",2,342
"401",2,"PT","POR","gender_inequalities",2,569
"402",2,"SI","SLV","gender_inequalities",1,451
"403",2,"UA","UKR","gender_inequalities",1,307
"404",2,"AT","GER","gender_inequalities",1,763
"405",2,"CH","FRE","gender_inequalities",2,172
"406",2,"ES","SPA","gender_inequalities",2,597
"407",2,"TR","TUR","gender_inequalities",1,597
"408",2,"AT","GER","gender_inequalities",2,736
"409",2,"LU","LTZ","gender_inequalities",2,359
"410",2,"TR","TUR","gender_inequalities",2,621
"411",2,"NO","NOR","gender_inequalities",1,191
"412",2,"NL","DUT","gender_inequalities",2,612
"413",2,"DK","DAN","gender_inequalities",1,509
"414",2,"IE","ENG","gender_inequalities",1,221
"415",2,"PL","POL","gender_inequalities",2,573
"416",2,"LU","FRE","gender_inequalities",2,142
"417",2,"PL","POL","gender_inequalities",1,567
"418",2,"ES","SPA","gender_inequalities",1,487
"419",2,"SK","SLO","gender_inequalities",2,487
"420",2,"IE","ENG","gender_inequalities",2,196
"421",2,"LU","LTZ","gender_inequalities",1,401
"422",2,"LU","FRE","gender_inequalities",1,146
"423",2,"GB","ENG","gender_inequalities",1,627
"424",2,"EE","EST","gender_inequalities",2,499
"425",2,"GB","ENG","gender_inequalities",2,605
"426",2,"DE","GER","gender_inequalities",1,948
"427",2,"DE","GER","gender_inequalities",2,951
"428",2,"NL","DUT","gender_inequalities",1,628
"429",2,"EE","EST","gender_inequalities",1,490
"430",2,"EE","RUS","gender_inequalities",2,155
"431",2,"CH","FRE","gender_inequalities",1,177
"432",2,"FI","FIN","gender_inequalities",1,160
"433",2,"CH","GEM","gender_inequalities",1,525
"434",2,"EE","RUS","gender_inequalities",1,181
"435",2,"UA","UKR","gender_inequalities",2,320
"436",2,"GR","GRE","gender_inequalities",2,815
"437",2,"GR","GRE","gender_inequalities",1,797
"438",2,"FI","FIN","gender_inequalities",2,163
"439",2,"NO","NOR","gender_inequalities",2,185
"440",2,"BE","DUT","gender_inequalities",2,330
"441",2,"BE","DUT","gender_inequalities",1,345
"442",2,"CH","GEM","gender_inequalities",2,502
"443",2,"BE","FRE","gender_inequalities",1,261
"444",2,"FR","FRE","gender_inequalities",1,557
"445",2,"FR","FRE","gender_inequalities",2,534
"446",2,"DK","DAN","gender_inequalities",2,481
"447",2,"BE","FRE","gender_inequalities",2,245
"448",2,"CZ","CZE","gender_inequalities",2,857
"449",2,"IT","ITA","gender_inequalities",2,413
"450",2,"IT","ITA","gender_inequalities",1,434
"451",2,"CZ","CZE","housework",1,671
"452",2,"PT","POR","housework",1,417
"453",2,"SK","SLO","housework",1,285
"454",2,"SI","SLV","housework",2,276
"455",2,"SI","SLV","housework",1,276
"456",2,"TR","TUR","housework",1,384
"457",2,"LU","LTZ","housework",2,211
"458",2,"TR","TUR","housework",2,419
"459",2,"UA","UKR","housework",1,164
"460",2,"IE","ENG","housework",1,127
"461",2,"DK","DAN","housework",1,328
"462",2,"PL","POL","housework",2,313
"463",2,"LU","FRE","housework",2,94
"464",2,"UA","RUS","housework",1,181
"465",2,"PL","POL","housework",1,313
"466",2,"ES","SPA","housework",1,281
"467",2,"UA","RUS","housework",2,169
"468",2,"NL","DUT","housework",2,378
"469",2,"AT","GER","housework",1,382
"470",2,"CH","FRE","housework",2,83
"471",2,"LU","FRE","housework",1,98
"472",2,"GB","ENG","housework",1,310
"473",2,"DE","GER","housework",1,597
"474",2,"GB","ENG","housework",2,347
"475",2,"NO","NOR","housework",1,127
"476",2,"DE","GER","housework",2,586
"477",2,"SK","SLO","housework",2,265
"478",2,"EE","EST","housework",1,263
"479",2,"EE","RUS","housework",2,86
"480",2,"EE","EST","housework",2,269
"481",2,"CH","FRE","housework",1,98
"482",2,"EE","RUS","housework",1,103
"483",2,"ES","SPA","housework",2,334
"484",2,"PT","POR","housework",2,315
"485",2,"AT","GER","housework",2,383
"486",2,"GR","GRE","housework",2,508
"487",2,"GR","GRE","housework",1,501
"488",2,"NL","DUT","housework",1,370
"489",2,"LU","LTZ","housework",1,229
"490",2,"NO","NOR","housework",2,109
"491",2,"IE","ENG","housework",2,108
"492",2,"UA","UKR","housework",2,176
"493",2,"FI","FIN","housework",2,83
"494",2,"FI","FIN","housework",1,81
"495",2,"BE","DUT","housework",2,206
"496",2,"BE","DUT","housework",1,233
"497",2,"CH","GEM","housework",1,300
"498",2,"BE","FRE","housework",1,166
"499",2,"CH","GEM","housework",2,287
"500",2,"FR","FRE","housework",2,394
"501",2,"FR","FRE","housework",1,275
"502",2,"DK","DAN","housework",2,321
"503",2,"BE","FRE","housework",2,143
"504",2,"CZ","CZE","housework",2,428
"505",2,"IT","ITA","housework",2,235
"506",2,"IT","ITA","housework",1,250
"507",2,"AT","GER","current_job",2,308
"508",2,"PT","POR","current_job",1,257
"509",2,"ES","SPA","current_job",1,316
"510",2,"SI","SLV","current_job",1,210
"511",2,"UA","RUS","current_job",2,173
"512",2,"LU","FRE","current_job",2,73
"513",2,"PT","POR","current_job",2,313
"514",2,"TR","TUR","current_job",2,172
"515",2,"SK","SLO","current_job",2,238
"516",2,"TR","TUR","current_job",1,170
"517",2,"SI","SLV","current_job",2,211
"518",2,"NL","DUT","current_job",1,346
"519",2,"LU","LTZ","current_job",1,166
"520",2,"NL","DUT","current_job",2,325
"521",2,"LU","FRE","current_job",1,84
"522",2,"CH","FRE","current_job",2,88
"523",2,"EE","EST","current_job",2,259
"524",2,"LU","LTZ","current_job",2,166
"525",2,"EE","RUS","current_job",2,81
"526",2,"CH","FRE","current_job",1,89
"527",2,"UA","UKR","current_job",2,129
"528",2,"GB","ENG","current_job",2,319
"529",2,"EE","EST","current_job",1,254
"530",2,"FI","FIN","current_job",2,81
"531",2,"GB","ENG","current_job",1,326
"532",2,"IE","ENG","current_job",2,95
"533",2,"DE","GER","current_job",1,465
"534",2,"SK","SLO","current_job",1,230
"535",2,"DE","GER","current_job",2,478
"536",2,"UA","RUS","current_job",1,151
"537",2,"PL","POL","current_job",2,271
"538",2,"ES","SPA","current_job",2,274
"539",2,"AT","GER","current_job",1,324
"540",2,"GR","GRE","current_job",1,333
"541",2,"GR","GRE","current_job",2,280
"542",2,"NO","NOR","current_job",1,135
"543",2,"IE","ENG","current_job",1,97
"544",2,"UA","UKR","current_job",1,114
"545",2,"NO","NOR","current_job",2,113
"546",2,"EE","RUS","current_job",1,81
"547",2,"PL","POL","current_job",1,257
"548",2,"FI","FIN","current_job",1,97
"549",2,"BE","DUT","current_job",1,186
"550",2,"BE","DUT","current_job",2,177
"551",2,"CH","GEM","current_job",2,322
"552",2,"CH","GEM","current_job",1,319
"553",2,"FR","FRE","current_job",2,347
"554",2,"DK","DAN","current_job",1,306
"555",2,"FR","FRE","current_job",1,274
"556",2,"BE","FRE","current_job",2,105
"557",2,"BE","FRE","current_job",1,107
"558",2,"CZ","CZE","current_job",1,438
"559",2,"DK","DAN","current_job",2,378
"560",2,"IT","ITA","current_job",1,193
"561",2,"IT","ITA","current_job",2,192
"562",2,"CZ","CZE","current_job",2,311
"563",3,"EE","EST","immigration_perceptions",1,333
"564",3,"LV","LAV","immigration_perceptions",1,478
"565",3,"RO","RUM","immigration_perceptions",1,690
"566",3,"RU","RUS","immigration_perceptions",3,773
"567",3,"SI","SLV","immigration_perceptions",1,468
"568",3,"UA","RUS","immigration_perceptions",3,364
"569",3,"CH","GER","immigration_perceptions",2,432
"570",3,"LV","LAV","immigration_perceptions",2,484
"571",3,"PT","POR","immigration_perceptions",1,746
"572",3,"SI","SLV","immigration_perceptions",3,475
"573",3,"EE","RUS","immigration_perceptions",1,185
"574",3,"LV","RUS","immigration_perceptions",2,146
"575",3,"PT","POR","immigration_perceptions",2,740
"576",3,"RO","RUM","immigration_perceptions",2,659
"577",3,"RU","RUS","immigration_perceptions",1,770
"578",3,"SI","SLV","immigration_perceptions",2,484
"579",3,"BG","BUL","immigration_perceptions",1,479
"580",3,"IE","ENG","immigration_perceptions",2,428
"581",3,"IE","ENG","immigration_perceptions",1,466
"582",3,"SK","SLO","immigration_perceptions",1,533
"583",3,"DK","DAN","immigration_perceptions",1,475
"584",3,"IE","ENG","immigration_perceptions",3,447
"585",3,"SK","SLO","immigration_perceptions",2,554
"586",3,"SK","SLO","immigration_perceptions",3,499
"587",3,"LV","RUS","immigration_perceptions",3,169
"588",3,"BE","FRE","immigration_perceptions",3,230
"589",3,"BE","FRE","immigration_perceptions",2,234
"590",3,"BG","BUL","immigration_perceptions",3,351
"591",3,"CH","FRE","immigration_perceptions",3,122
"592",3,"UA","UKR","immigration_perceptions",2,265
"593",3,"BG","BUL","immigration_perceptions",2,415
"594",3,"BE","FRE","immigration_perceptions",1,213
"595",3,"EE","RUS","immigration_perceptions",2,188
"596",3,"NO","NO","immigration_perceptions",1,158
"597",3,"AT","GER","immigration_perceptions",2,697
"598",3,"NO","NO","immigration_perceptions",2,142
"599",3,"PT","POR","immigration_perceptions",3,634
"600",3,"RO","RUM","immigration_perceptions",3,687
"601",3,"UA","UKR","immigration_perceptions",3,266
"602",3,"AT","GER","immigration_perceptions",3,737
"603",3,"RU","RUS","immigration_perceptions",2,769
"604",3,"LV","RUS","immigration_perceptions",1,169
"605",3,"UA","UKR","immigration_perceptions",1,268
"606",3,"PL","POL","immigration_perceptions",1,563
"607",3,"UA","RUS","immigration_perceptions",2,379
"608",3,"CH","FRE","immigration_perceptions",2,149
"609",3,"CY","GRE","immigration_perceptions",2,345
"610",3,"CY","GRE","immigration_perceptions",3,329
"611",3,"GB","ENG","immigration_perceptions",1,833
"612",3,"GB","ENG","immigration_perceptions",2,754
"613",3,"BE","DUT","immigration_perceptions",3,367
"614",3,"BE","DUT","immigration_perceptions",1,353
"615",3,"CY","GRE","immigration_perceptions",1,299
"616",3,"AT","GER","immigration_perceptions",1,842
"617",3,"CH","FRE","immigration_perceptions",1,120
"618",3,"GB","ENG","immigration_perceptions",3,769
"619",3,"DE","GER","immigration_perceptions",1,944
"620",3,"DE","GER","immigration_perceptions",2,953
"621",3,"LV","LAV","immigration_perceptions",3,469
"622",3,"DE","GER","immigration_perceptions",3,983
"623",3,"NO","NO","immigration_perceptions",3,169
"624",3,"PL","POL","immigration_perceptions",2,584
"625",3,"EE","EST","immigration_perceptions",3,287
"626",3,"BE","DUT","immigration_perceptions",2,396
"627",3,"EE","RUS","immigration_perceptions",3,176
"628",3,"EE","EST","immigration_perceptions",2,308
"629",3,"UA","RUS","immigration_perceptions",1,382
"630",3,"FI","FIN","immigration_perceptions",1,202
"631",3,"FI","FIN","immigration_perceptions",3,147
"632",3,"PL","POL","immigration_perceptions",3,529
"633",3,"CH","GER","immigration_perceptions",1,420
"634",3,"ES","SPA","immigration_perceptions",1,630
"635",3,"ES","SPA","immigration_perceptions",2,576
"636",3,"ES","SPA","immigration_perceptions",3,505
"637",3,"CH","GER","immigration_perceptions",3,413
"638",3,"FI","FIN","immigration_perceptions",2,152
"639",3,"DK","DAN","immigration_perceptions",2,502
"640",3,"NL","DUT","immigration_perceptions",3,602
"641",3,"NL","DUT","immigration_perceptions",1,615
"642",3,"FR","FRE","immigration_perceptions",2,605
"643",3,"DK","DAN","immigration_perceptions",3,466
"644",3,"NL","DUT","immigration_perceptions",2,593
"645",3,"FR","FRE","immigration_perceptions",3,694
"646",3,"FR","FRE","immigration_perceptions",1,670
"647",3,"EE","EST","evaluation_of_immigration",1,326
"648",3,"LV","LAV","evaluation_of_immigration",1,478
"649",3,"RO","RUM","evaluation_of_immigration",1,680
"650",3,"RU","RUS","evaluation_of_immigration",3,758
"651",3,"SI","SLV","evaluation_of_immigration",1,471
"652",3,"UA","RUS","evaluation_of_immigration",3,354
"653",3,"CH","GER","evaluation_of_immigration",2,438
"654",3,"LV","LAV","evaluation_of_immigration",2,485
"655",3,"PT","POR","evaluation_of_immigration",1,734
"656",3,"SI","SLV","evaluation_of_immigration",3,475
"657",3,"EE","RUS","evaluation_of_immigration",1,178
"658",3,"LV","RUS","evaluation_of_immigration",2,146
"659",3,"PT","POR","evaluation_of_immigration",2,719
"660",3,"RO","RUM","evaluation_of_immigration",2,664
"661",3,"SI","SLV","evaluation_of_immigration",2,488
"662",3,"BG","BUL","evaluation_of_immigration",1,450
"663",3,"IE","ENG","evaluation_of_immigration",2,411
"664",3,"BG","BUL","evaluation_of_immigration",2,390
"665",3,"IE","ENG","evaluation_of_immigration",1,466
"666",3,"SK","SLO","evaluation_of_immigration",1,526
"667",3,"DK","DAN","evaluation_of_immigration",1,475
"668",3,"IE","ENG","evaluation_of_immigration",3,444
"669",3,"SK","SLO","evaluation_of_immigration",2,546
"670",3,"SK","SLO","evaluation_of_immigration",3,495
"671",3,"LV","RUS","evaluation_of_immigration",3,169
"672",3,"BE","FRE","evaluation_of_immigration",3,231
"673",3,"BE","FRE","evaluation_of_immigration",2,233
"674",3,"BG","BUL","evaluation_of_immigration",3,333
"675",3,"CH","FRE","evaluation_of_immigration",3,123
"676",3,"UA","UKR","evaluation_of_immigration",2,263
"677",3,"BE","FRE","evaluation_of_immigration",1,213
"678",3,"EE","RUS","evaluation_of_immigration",2,182
"679",3,"NO","NO","evaluation_of_immigration",1,158
"680",3,"AT","GER","evaluation_of_immigration",2,718
"681",3,"NO","NO","evaluation_of_immigration",2,137
"682",3,"PT","POR","evaluation_of_immigration",3,617
"683",3,"RO","RUM","evaluation_of_immigration",3,685
"684",3,"RU","RUS","evaluation_of_immigration",1,765
"685",3,"UA","UKR","evaluation_of_immigration",3,261
"686",3,"AT","GER","evaluation_of_immigration",3,731
"687",3,"RU","RUS","evaluation_of_immigration",2,756
"688",3,"LV","RUS","evaluation_of_immigration",1,169
"689",3,"UA","UKR","evaluation_of_immigration",1,266
"690",3,"PL","POL","evaluation_of_immigration",1,554
"691",3,"UA","RUS","evaluation_of_immigration",2,364
"692",3,"CH","FRE","evaluation_of_immigration",2,151
"693",3,"CY","GRE","evaluation_of_immigration",2,345
"694",3,"CY","GRE","evaluation_of_immigration",3,328
"695",3,"GB","ENG","evaluation_of_immigration",1,834
"696",3,"GB","ENG","evaluation_of_immigration",2,751
"697",3,"BE","DUT","evaluation_of_immigration",3,367
"698",3,"BE","DUT","evaluation_of_immigration",1,353
"699",3,"CY","GRE","evaluation_of_immigration",1,296
"700",3,"AT","GER","evaluation_of_immigration",1,840
"701",3,"CH","FRE","evaluation_of_immigration",1,119
"702",3,"GB","ENG","evaluation_of_immigration",3,768
"703",3,"DE","GER","evaluation_of_immigration",1,943
"704",3,"DE","GER","evaluation_of_immigration",2,963
"705",3,"LV","LAV","evaluation_of_immigration",3,468
"706",3,"DE","GER","evaluation_of_immigration",3,984
"707",3,"NO","NO","evaluation_of_immigration",3,162
"708",3,"PL","POL","evaluation_of_immigration",2,567
"709",3,"EE","EST","evaluation_of_immigration",3,279
"710",3,"BE","DUT","evaluation_of_immigration",2,396
"711",3,"EE","RUS","evaluation_of_immigration",3,171
"712",3,"EE","EST","evaluation_of_immigration",2,299
"713",3,"UA","RUS","evaluation_of_immigration",1,365
"714",3,"FI","FIN","evaluation_of_immigration",1,202
"715",3,"FI","FIN","evaluation_of_immigration",3,146
"716",3,"PL","POL","evaluation_of_immigration",3,525
"717",3,"CH","GER","evaluation_of_immigration",1,422
"718",3,"ES","SPA","evaluation_of_immigration",1,629
"719",3,"ES","SPA","evaluation_of_immigration",2,576
"720",3,"ES","SPA","evaluation_of_immigration",3,502
"721",3,"CH","GER","evaluation_of_immigration",3,418
"722",3,"FI","FIN","evaluation_of_immigration",2,152
"723",3,"DK","DAN","evaluation_of_immigration",2,503
"724",3,"NL","DUT","evaluation_of_immigration",3,602
"725",3,"NL","DUT","evaluation_of_immigration",1,615
"726",3,"FR","FRE","evaluation_of_immigration",2,611
"727",3,"DK","DAN","evaluation_of_immigration",3,473
"728",3,"NL","DUT","evaluation_of_immigration",2,596
"729",3,"FR","FRE","evaluation_of_immigration",3,696
"730",3,"FR","FRE","evaluation_of_immigration",1,672
"731",3,"EE","EST","eudaimonic_well-being",1,331
"732",3,"LV","LAV","eudaimonic_well-being",1,478
"733",3,"RO","RUM","eudaimonic_well-being",1,707
"734",3,"RU","RUS","eudaimonic_well-being",3,812
"735",3,"SI","SLV","eudaimonic_well-being",1,478
"736",3,"UA","RUS","eudaimonic_well-being",3,372
"737",3,"CH","GER","eudaimonic_well-being",2,439
"738",3,"LV","LAV","eudaimonic_well-being",2,485
"739",3,"PT","POR","eudaimonic_well-being",1,773
"740",3,"SI","SLV","eudaimonic_well-being",3,483
"741",3,"EE","RUS","eudaimonic_well-being",1,195
"742",3,"LV","RUS","eudaimonic_well-being",2,146
"743",3,"PT","POR","eudaimonic_well-being",2,761
"744",3,"RO","RUM","eudaimonic_well-being",2,696
"745",3,"RU","RUS","eudaimonic_well-being",1,796
"746",3,"SI","SLV","eudaimonic_well-being",2,496
"747",3,"BG","BUL","eudaimonic_well-being",1,512
"748",3,"IE","ENG","eudaimonic_well-being",2,427
"749",3,"BG","BUL","eudaimonic_well-being",2,460
"750",3,"IE","ENG","eudaimonic_well-being",1,465
"751",3,"SK","SLO","eudaimonic_well-being",1,540
"752",3,"DK","DAN","eudaimonic_well-being",1,477
"753",3,"IE","ENG","eudaimonic_well-being",3,448
"754",3,"SK","SLO","eudaimonic_well-being",2,559
"755",3,"SK","SLO","eudaimonic_well-being",3,505
"756",3,"LV","RUS","eudaimonic_well-being",3,169
"757",3,"BE","FRE","eudaimonic_well-being",3,233
"758",3,"BE","FRE","eudaimonic_well-being",2,234
"759",3,"BG","BUL","eudaimonic_well-being",3,393
"760",3,"CH","FRE","eudaimonic_well-being",3,134
"761",3,"UA","UKR","eudaimonic_well-being",2,279
"762",3,"BE","FRE","eudaimonic_well-being",1,214
"763",3,"EE","RUS","eudaimonic_well-being",2,192
"764",3,"NO","NO","eudaimonic_well-being",1,158
"765",3,"AT","GER","eudaimonic_well-being",2,720
"766",3,"NO","NO","eudaimonic_well-being",2,142
"767",3,"PT","POR","eudaimonic_well-being",3,661
"768",3,"RO","RUM","eudaimonic_well-being",3,701
"769",3,"UA","UKR","eudaimonic_well-being",3,277
"770",3,"AT","GER","eudaimonic_well-being",3,754
"771",3,"RU","RUS","eudaimonic_well-being",2,800
"772",3,"LV","RUS","eudaimonic_well-being",1,169
"773",3,"UA","UKR","eudaimonic_well-being",1,280
"774",3,"PL","POL","eudaimonic_well-being",1,569
"775",3,"UA","RUS","eudaimonic_well-being",2,385
"776",3,"CH","FRE","eudaimonic_well-being",2,151
"777",3,"CY","GRE","eudaimonic_well-being",2,342
"778",3,"CY","GRE","eudaimonic_well-being",3,330
"779",3,"GB","ENG","eudaimonic_well-being",1,836
"780",3,"GB","ENG","eudaimonic_well-being",2,756
"781",3,"BE","DUT","eudaimonic_well-being",3,367
"782",3,"BE","DUT","eudaimonic_well-being",1,353
"783",3,"CY","GRE","eudaimonic_well-being",1,302
"784",3,"AT","GER","eudaimonic_well-being",1,853
"785",3,"CH","FRE","eudaimonic_well-being",1,120
"786",3,"GB","ENG","eudaimonic_well-being",3,778
"787",3,"DE","GER","eudaimonic_well-being",1,948
"788",3,"DE","GER","eudaimonic_well-being",2,967
"789",3,"LV","LAV","eudaimonic_well-being",3,470
"790",3,"DE","GER","eudaimonic_well-being",3,991
"791",3,"NO","NO","eudaimonic_well-being",3,171
"792",3,"PL","POL","eudaimonic_well-being",2,583
"793",3,"EE","EST","eudaimonic_well-being",3,295
"794",3,"BE","DUT","eudaimonic_well-being",2,397
"795",3,"EE","RUS","eudaimonic_well-being",3,180
"796",3,"EE","EST","eudaimonic_well-being",2,312
"797",3,"UA","RUS","eudaimonic_well-being",1,395
"798",3,"FI","FIN","eudaimonic_well-being",1,202
"799",3,"FI","FIN","eudaimonic_well-being",3,148
"800",3,"PL","POL","eudaimonic_well-being",3,534
"801",3,"CH","GER","eudaimonic_well-being",1,423
"802",3,"ES","SPA","eudaimonic_well-being",1,639
"803",3,"ES","SPA","eudaimonic_well-being",2,586
"804",3,"ES","SPA","eudaimonic_well-being",3,512
"805",3,"CH","GER","eudaimonic_well-being",3,456
"806",3,"FI","FIN","eudaimonic_well-being",2,152
"807",3,"DK","DAN","eudaimonic_well-being",2,507
"808",3,"NL","DUT","eudaimonic_well-being",3,603
"809",3,"FR","FRE","eudaimonic_well-being",2,614
"810",3,"NL","DUT","eudaimonic_well-being",1,612
"811",3,"DK","DAN","eudaimonic_well-being",3,483
"812",3,"NL","DUT","eudaimonic_well-being",2,589
"813",3,"FR","FRE","eudaimonic_well-being",3,697
"814",3,"FR","FRE","eudaimonic_well-being",1,674
"815",3,"EE","EST","life_satisfaction",1,332
"816",3,"LV","LAV","life_satisfaction",1,478
"817",3,"RO","RUM","life_satisfaction",1,707
"818",3,"RU","RUS","life_satisfaction",3,815
"819",3,"SI","SLV","life_satisfaction",1,478
"820",3,"UA","RUS","life_satisfaction",3,369
"821",3,"CH","GER","life_satisfaction",2,439
"822",3,"LV","LAV","life_satisfaction",2,485
"823",3,"PT","POR","life_satisfaction",1,773
"824",3,"SI","SLV","life_satisfaction",3,481
"825",3,"EE","RUS","life_satisfaction",1,195
"826",3,"LV","RUS","life_satisfaction",2,146
"827",3,"PT","POR","life_satisfaction",2,769
"828",3,"RO","RUM","life_satisfaction",2,694
"829",3,"RU","RUS","life_satisfaction",1,799
"830",3,"SI","SLV","life_satisfaction",2,497
"831",3,"BG","BUL","life_satisfaction",1,510
"832",3,"IE","ENG","life_satisfaction",2,430
"833",3,"BG","BUL","life_satisfaction",2,461
"834",3,"IE","ENG","life_satisfaction",1,466
"835",3,"SK","SLO","life_satisfaction",1,541
"836",3,"DK","DAN","life_satisfaction",1,477
"837",3,"IE","ENG","life_satisfaction",3,448
"838",3,"SK","SLO","life_satisfaction",2,559
"839",3,"SK","SLO","life_satisfaction",3,505
"840",3,"LV","RUS","life_satisfaction",3,168
"841",3,"BE","FRE","life_satisfaction",3,233
"842",3,"BE","FRE","life_satisfaction",2,234
"843",3,"BG","BUL","life_satisfaction",3,393
"844",3,"CH","FRE","life_satisfaction",3,123
"845",3,"UA","UKR","life_satisfaction",2,277
"846",3,"BE","FRE","life_satisfaction",1,214
"847",3,"EE","RUS","life_satisfaction",2,192
"848",3,"NO","NO","life_satisfaction",1,157
"849",3,"AT","GER","life_satisfaction",2,713
"850",3,"NO","NO","life_satisfaction",2,142
"851",3,"PT","POR","life_satisfaction",3,664
"852",3,"RO","RUM","life_satisfaction",3,702
"853",3,"UA","UKR","life_satisfaction",3,278
"854",3,"AT","GER","life_satisfaction",3,749
"855",3,"RU","RUS","life_satisfaction",2,802
"856",3,"LV","RUS","life_satisfaction",1,169
"857",3,"UA","UKR","life_satisfaction",1,280
"858",3,"PL","POL","life_satisfaction",1,571
"859",3,"UA","RUS","life_satisfaction",2,386
"860",3,"CH","FRE","life_satisfaction",2,151
"861",3,"CY","GRE","life_satisfaction",2,342
"862",3,"CY","GRE","life_satisfaction",3,330
"863",3,"GB","ENG","life_satisfaction",1,837
"864",3,"GB","ENG","life_satisfaction",2,757
"865",3,"BE","DUT","life_satisfaction",3,367
"866",3,"BE","DUT","life_satisfaction",1,353
"867",3,"CY","GRE","life_satisfaction",1,303
"868",3,"AT","GER","life_satisfaction",1,851
"869",3,"CH","FRE","life_satisfaction",1,120
"870",3,"GB","ENG","life_satisfaction",3,778
"871",3,"DE","GER","life_satisfaction",1,947
"872",3,"DE","GER","life_satisfaction",2,963
"873",3,"LV","LAV","life_satisfaction",3,468
"874",3,"DE","GER","life_satisfaction",3,991
"875",3,"NO","NO","life_satisfaction",3,171
"876",3,"PL","POL","life_satisfaction",2,585
"877",3,"EE","EST","life_satisfaction",3,295
"878",3,"BE","DUT","life_satisfaction",2,397
"879",3,"EE","RUS","life_satisfaction",3,181
"880",3,"EE","EST","life_satisfaction",2,313
"881",3,"UA","RUS","life_satisfaction",1,391
"882",3,"FI","FIN","life_satisfaction",1,202
"883",3,"FI","FIN","life_satisfaction",3,149
"884",3,"PL","POL","life_satisfaction",3,539
"885",3,"CH","GER","life_satisfaction",1,423
"886",3,"ES","SPA","life_satisfaction",1,638
"887",3,"ES","SPA","life_satisfaction",2,587
"888",3,"ES","SPA","life_satisfaction",3,513
"889",3,"CH","GER","life_satisfaction",3,421
"890",3,"FI","FIN","life_satisfaction",2,152
"891",3,"DK","DAN","life_satisfaction",2,507
"892",3,"NL","DUT","life_satisfaction",3,602
"893",3,"FR","FRE","life_satisfaction",2,614
"894",3,"NL","DUT","life_satisfaction",1,612
"895",3,"DK","DAN","life_satisfaction",3,484
"896",3,"NL","DUT","life_satisfaction",2,589
"897",3,"FR","FRE","life_satisfaction",3,690
"898",3,"FR","FRE","life_satisfaction",1,674
"899",4,"EE","EST","media_use",2,373
"900",4,"HR","HRV","media_use",1,524
"901",4,"LV","LAV","media_use",1,450
"902",4,"PT","POR","media_use",2,740
"903",4,"RO","RUM","media_use",2,715
"904",4,"SI","SLV","media_use",1,417
"905",4,"TR","TUR","media_use",1,817
"906",4,"UA","RUS","media_use",1,310
"907",4,"CZ","CZE","media_use",2,674
"908",4,"ES","SPA","media_use",2,1287
"909",4,"IL","HEB","media_use",1,647
"910",4,"NO","NOR","media_use",1,265
"911",4,"RO","RUM","media_use",1,696
"912",4,"EE","EST","media_use",1,384
"913",4,"GR","GRE","media_use",2,694
"914",4,"UA","RUS","media_use",2,314
"915",4,"HR","HRV","media_use",2,461
"916",4,"PT","POR","media_use",1,868
"917",4,"TR","TUR","media_use",2,786
"918",4,"SE","SWE","media_use",1,189
"919",4,"DK","DAN","media_use",1,529
"920",4,"ES","SPA","media_use",1,549
"921",4,"GR","GRE","media_use",1,705
"922",4,"IL","HEB","media_use",2,638
"923",4,"LV","RUS","media_use",1,180
"924",4,"SI","SLV","media_use",2,419
"925",4,"UA","UKR","media_use",2,281
"926",4,"BG","BUL","media_use",1,736
"927",4,"BE","FRE","media_use",1,263
"928",4,"BE","FRE","media_use",2,231
"929",4,"BG","BUL","media_use",2,753
"930",4,"LV","RUS","media_use",2,175
"931",4,"UA","UKR","media_use",1,286
"932",4,"RU","RUS","media_use",1,811
"933",4,"CZ","CZE","media_use",1,671
"934",4,"EE","RUS","media_use",2,151
"935",4,"RU","RUS","media_use",2,858
"936",4,"LV","LAV","media_use",2,489
"937",4,"CH","GER","media_use",1,475
"938",4,"CY","GRE","media_use",1,380
"939",4,"CY","GRE","media_use",2,404
"940",4,"SK","SLO","media_use",1,569
"941",4,"SK","SLO","media_use",2,564
"942",4,"PL","POL","media_use",1,555
"943",4,"DE","GER","media_use",1,948
"944",4,"DE","GER","media_use",2,887
"945",4,"CH","GER","media_use",2,417
"946",4,"FI","FIN","media_use",2,215
"947",4,"PL","POL","media_use",2,527
"948",4,"CH","FRE","media_use",2,122
"949",4,"FI","FIN","media_use",1,202
"950",4,"BE","DUT","media_use",1,355
"951",4,"BE","DUT","media_use",2,342
"952",4,"NO","NOR","media_use",2,277
"953",4,"EE","RUS","media_use",1,159
"954",4,"CH","FRE","media_use",1,127
"955",4,"GB","ENG","media_use",1,754
"956",4,"GB","ENG","media_use",2,753
"957",4,"SE","SWE","media_use",2,168
"958",4,"DK","DAN","media_use",2,533
"959",4,"FI","999","media_use",1,1
"960",4,"FR","FRE","media_use",2,583
"961",4,"FR","FRE","media_use",1,704
"962",4,"NL","DUT","media_use",1,541
"963",4,"NL","DUT","media_use",2,535
"964",4,"IL","ARA","media_use",1,102
"965",4,"IL","ARA","media_use",2,94
"966",4,"CZ","CZE","social_trust",2,669
"967",4,"HR","HRV","social_trust",1,526
"968",4,"IL","HEB","social_trust",2,658
"969",4,"LV","LAV","social_trust",1,455
"970",4,"SI","SLV","social_trust",1,415
"971",4,"TR","TUR","social_trust",1,813
"972",4,"UA","RUS","social_trust",1,308
"973",4,"IL","HEB","social_trust",1,637
"974",4,"LV","RUS","social_trust",2,183
"975",4,"NO","NOR","social_trust",1,265
"976",4,"RO","RUM","social_trust",1,697
"977",4,"TR","TUR","social_trust",2,776
"978",4,"CH","FRE","social_trust",2,131
"979",4,"EE","EST","social_trust",1,382
"980",4,"EE","EST","social_trust",2,339
"981",4,"PT","POR","social_trust",1,866
"982",4,"RO","RUM","social_trust",2,705
"983",4,"UA","UKR","social_trust",2,283
"984",4,"SE","SWE","social_trust",1,188
"985",4,"DK","DAN","social_trust",1,529
"986",4,"BG","BUL","social_trust",2,727
"987",4,"ES","SPA","social_trust",1,549
"988",4,"GR","GRE","social_trust",1,704
"989",4,"LV","RUS","social_trust",1,180
"990",4,"BG","BUL","social_trust",1,728
"991",4,"PT","POR","social_trust",2,743
"992",4,"SI","SLV","social_trust",2,430
"993",4,"UA","UKR","social_trust",1,289
"994",4,"BE","FRE","social_trust",1,263
"995",4,"BE","FRE","social_trust",2,205
"996",4,"EE","RUS","social_trust",2,135
"997",4,"GR","GRE","social_trust",2,672
"998",4,"LV","LAV","social_trust",2,474
"999",4,"RU","RUS","social_trust",2,817
"1000",4,"RU","RUS","social_trust",1,828
"1001",4,"CZ","CZE","social_trust",1,670
"1002",4,"HR","HRV","social_trust",2,462
"1003",4,"ES","SPA","social_trust",2,593
"1004",4,"NO","NOR","social_trust",2,288
"1005",4,"CY","GRE","social_trust",2,392
"1006",4,"PL","POL","social_trust",2,530
"1007",4,"UA","RUS","social_trust",2,322
"1008",4,"CH","GER","social_trust",1,467
"1009",4,"CY","GRE","social_trust",1,377
"1010",4,"SK","SLO","social_trust",1,562
"1011",4,"PL","POL","social_trust",1,549
"1012",4,"DE","GER","social_trust",1,945
"1013",4,"DE","GER","social_trust",2,913
"1014",4,"FI","FIN","social_trust",2,210
"1015",4,"ES","999","social_trust",2,1
"1016",4,"FI","FIN","social_trust",1,202
"1017",4,"BE","DUT","social_trust",1,355
"1018",4,"SK","SLO","social_trust",2,562
"1019",4,"CH","GER","social_trust",2,473
"1020",4,"BE","DUT","social_trust",2,362
"1021",4,"EE","RUS","social_trust",1,159
"1022",4,"CH","FRE","social_trust",1,127
"1023",4,"GB","ENG","social_trust",1,752
"1024",4,"GB","ENG","social_trust",2,761
"1025",4,"FI","999","social_trust",2,2
"1026",4,"FI","999","social_trust",1,1
"1027",4,"DK","DAN","social_trust",2,525
"1028",4,"SE","SWE","social_trust",2,209
"1029",4,"FR","FRE","social_trust",1,702
"1030",4,"FR","FRE","social_trust",2,785
"1031",4,"NL","DUT","social_trust",1,541
"1032",4,"NL","DUT","social_trust",2,563
"1033",4,"IL","ARA","social_trust",1,101
"1034",4,"IL","ARA","social_trust",2,95
"1035",4,"CZ","CZE","political_trust",2,664
"1036",4,"EE","EST","political_trust",1,372
"1037",4,"IL","HEB","political_trust",2,644
"1038",4,"PT","POR","political_trust",1,732
"1039",4,"RO","RUM","political_trust",1,697
"1040",4,"CZ","CZE","political_trust",1,671
"1041",4,"ES","SPA","political_trust",1,1270
"1042",4,"LV","RUS","political_trust",2,184
"1043",4,"TR","TUR","political_trust",2,765
"1044",4,"CH","FRE","political_trust",2,131
"1045",4,"GR","GRE","political_trust",1,690
"1046",4,"UA","RUS","political_trust",1,311
"1047",4,"EE","EST","political_trust",2,338
"1048",4,"HR","HRV","political_trust",1,452
"1049",4,"TR","TUR","political_trust",1,779
"1050",4,"UA","UKR","political_trust",2,276
"1051",4,"BG","BUL","political_trust",2,721
"1052",4,"HR","HRV","political_trust",2,453
"1053",4,"IL","HEB","political_trust",1,627
"1054",4,"SI","SLV","political_trust",1,412
"1055",4,"UA","UKR","political_trust",1,278
"1056",4,"PT","POR","political_trust",2,734
"1057",4,"RO","RUM","political_trust",2,629
"1058",4,"SI","SLV","political_trust",2,428
"1059",4,"BE","FRE","political_trust",1,231
"1060",4,"BE","FRE","political_trust",2,205
"1061",4,"BG","BUL","political_trust",1,734
"1062",4,"EE","RUS","political_trust",2,131
"1063",4,"LV","RUS","political_trust",1,175
"1064",4,"GR","GRE","political_trust",2,673
"1065",4,"LV","LAV","political_trust",2,473
"1066",4,"RU","RUS","political_trust",2,789
"1067",4,"EE","RUS","political_trust",1,148
"1068",4,"RU","RUS","political_trust",1,835
"1069",4,"ES","SPA","political_trust",2,598
"1070",4,"LV","LAV","political_trust",1,488
"1071",4,"NO","NOR","political_trust",2,289
"1072",4,"CY","GRE","political_trust",2,389
"1073",4,"PL","POL","political_trust",2,526
"1074",4,"UA","RUS","political_trust",2,315
"1075",4,"CY","GRE","political_trust",1,396
"1076",4,"SK","SLO","political_trust",1,562
"1077",4,"DE","GER","political_trust",1,884
"1078",4,"DE","GER","political_trust",2,908
"1079",4,"CH","GER","political_trust",1,415
"1080",4,"FI","FIN","political_trust",2,210
"1081",4,"FI","FIN","political_trust",1,215
"1082",4,"PL","POL","political_trust",1,521
"1083",4,"CH","FRE","political_trust",1,122
"1084",4,"BE","DUT","political_trust",1,342
"1085",4,"SK","SLO","political_trust",2,558
"1086",4,"NO","NOR","political_trust",1,277
"1087",4,"CH","GER","political_trust",2,469
"1088",4,"BE","DUT","political_trust",2,361
"1089",4,"GB","ENG","political_trust",1,750
"1090",4,"GB","ENG","political_trust",2,761
"1091",4,"FI","999","political_trust",2,2
"1092",4,"SE","SWE","political_trust",1,170
"1093",4,"DK","DAN","political_trust",1,530
"1094",4,"DK","DAN","political_trust",2,525
"1095",4,"SE","SWE","political_trust",2,202
"1096",4,"FR","FRE","political_trust",1,578
"1097",4,"FR","FRE","political_trust",2,786
"1098",4,"NL","DUT","political_trust",2,560
"1099",4,"NL","DUT","political_trust",1,537
"1100",4,"IL","ARA","political_trust",1,83
"1101",4,"IL","ARA","political_trust",2,85
"1102",4,"CZ","CZE","left-right_placement",2,620
"1103",4,"EE","EST","left-right_placement",1,359
"1104",4,"IL","HEB","left-right_placement",2,626
"1105",4,"RO","RUM","left-right_placement",1,533
"1106",4,"CZ","CZE","left-right_placement",1,618
"1107",4,"ES","SPA","left-right_placement",1,1023
"1108",4,"LV","RUS","left-right_placement",2,180
"1109",4,"TR","TUR","left-right_placement",2,631
"1110",4,"CH","FRE","left-right_placement",2,129
"1111",4,"GR","GRE","left-right_placement",1,592
"1112",4,"PT","POR","left-right_placement",1,497
"1113",4,"UA","RUS","left-right_placement",1,200
"1114",4,"EE","EST","left-right_placement",2,327
"1115",4,"HR","HRV","left-right_placement",1,361
"1116",4,"TR","TUR","left-right_placement",1,644
"1117",4,"UA","UKR","left-right_placement",2,188
"1118",4,"BG","BUL","left-right_placement",2,540
"1119",4,"HR","HRV","left-right_placement",2,350
"1120",4,"IL","HEB","left-right_placement",1,592
"1121",4,"SI","SLV","left-right_placement",1,352
"1122",4,"RO","RUM","left-right_placement",2,510
"1123",4,"SI","SLV","left-right_placement",2,354
"1124",4,"BE","FRE","left-right_placement",1,224
"1125",4,"BE","FRE","left-right_placement",2,202
"1126",4,"EE","RUS","left-right_placement",2,129
"1127",4,"LV","RUS","left-right_placement",1,169
"1128",4,"GR","GRE","left-right_placement",2,559
"1129",4,"LV","LAV","left-right_placement",2,461
"1130",4,"RU","RUS","left-right_placement",2,586
"1131",4,"BG","BUL","left-right_placement",1,566
"1132",4,"EE","RUS","left-right_placement",1,141
"1133",4,"RU","RUS","left-right_placement",1,596
"1134",4,"ES","SPA","left-right_placement",2,467
"1135",4,"LV","LAV","left-right_placement",1,481
"1136",4,"NO","NOR","left-right_placement",2,287
"1137",4,"PL","POL","left-right_placement",2,458
"1138",4,"UA","RUS","left-right_placement",2,198
"1139",4,"CY","GRE","left-right_placement",1,330
"1140",4,"CY","GRE","left-right_placement",2,329
"1141",4,"SK","SLO","left-right_placement",1,488
"1142",4,"DE","GER","left-right_placement",1,839
"1143",4,"DE","GER","left-right_placement",2,850
"1144",4,"CH","GER","left-right_placement",1,376
"1145",4,"FI","FIN","left-right_placement",2,205
"1146",4,"ES","999","left-right_placement",2,1
"1147",4,"FI","FIN","left-right_placement",1,212
"1148",4,"CH","FRE","left-right_placement",1,118
"1149",4,"UA","UKR","left-right_placement",1,181
"1150",4,"BE","DUT","left-right_placement",1,333
"1151",4,"SK","SLO","left-right_placement",2,507
"1152",4,"NO","NOR","left-right_placement",1,276
"1153",4,"CH","GER","left-right_placement",2,438
"1154",4,"PT","POR","left-right_placement",2,482
"1155",4,"BE","DUT","left-right_placement",2,351
"1156",4,"PL","POL","left-right_placement",1,436
"1157",4,"GB","ENG","left-right_placement",1,693
"1158",4,"GB","ENG","left-right_placement",2,705
"1159",4,"FI","999","left-right_placement",2,2
"1160",4,"SE","SWE","left-right_placement",1,169
"1161",4,"DK","DAN","left-right_placement",1,527
"1162",4,"DK","DAN","left-right_placement",2,504
"1163",4,"SE","SWE","left-right_placement",2,209
"1164",4,"FR","FRE","left-right_placement",1,562
"1165",4,"FR","FRE","left-right_placement",2,751
"1166",4,"NL","DUT","left-right_placement",2,559
"1167",4,"NL","DUT","left-right_placement",1,534
"1168",4,"IL","ARA","left-right_placement",1,71
"1169",4,"IL","ARA","left-right_placement",2,76
"1170",4,"EE","EST","political_satisfaction",2,373
"1171",4,"HR","HRV","political_satisfaction",1,521
"1172",4,"LV","LAV","political_satisfaction",1,458
"1173",4,"PT","POR","political_satisfaction",2,733
"1174",4,"RO","RUM","political_satisfaction",2,685
"1175",4,"SI","SLV","political_satisfaction",1,415
"1176",4,"TR","TUR","political_satisfaction",1,809
"1177",4,"UA","RUS","political_satisfaction",1,313
"1178",4,"CZ","CZE","political_satisfaction",2,666
"1179",4,"ES","SPA","political_satisfaction",2,1285
"1180",4,"IL","HEB","political_satisfaction",1,640
"1181",4,"NO","NOR","political_satisfaction",1,266
"1182",4,"RO","RUM","political_satisfaction",1,687
"1183",4,"EE","EST","political_satisfaction",1,382
"1184",4,"GR","GRE","political_satisfaction",2,686
"1185",4,"UA","RUS","political_satisfaction",2,311
"1186",4,"HR","HRV","political_satisfaction",2,451
"1187",4,"PT","POR","political_satisfaction",1,860
"1188",4,"TR","TUR","political_satisfaction",2,775
"1189",4,"SE","SWE","political_satisfaction",1,187
"1190",4,"DK","DAN","political_satisfaction",1,526
"1191",4,"ES","SPA","political_satisfaction",1,547
"1192",4,"GR","GRE","political_satisfaction",1,700
"1193",4,"IL","HEB","political_satisfaction",2,627
"1194",4,"LV","RUS","political_satisfaction",1,181
"1195",4,"SI","SLV","political_satisfaction",2,414
"1196",4,"UA","UKR","political_satisfaction",2,276
"1197",4,"BG","BUL","political_satisfaction",1,722
"1198",4,"UA","UKR","political_satisfaction",1,284
"1199",4,"BE","FRE","political_satisfaction",1,261
"1200",4,"BE","FRE","political_satisfaction",2,231
"1201",4,"BG","BUL","political_satisfaction",2,733
"1202",4,"LV","RUS","political_satisfaction",2,175
"1203",4,"RU","RUS","political_satisfaction",1,817
"1204",4,"CZ","CZE","political_satisfaction",1,669
"1205",4,"EE","RUS","political_satisfaction",2,150
"1206",4,"RU","RUS","political_satisfaction",2,833
"1207",4,"LV","LAV","political_satisfaction",2,489
"1208",4,"CH","GER","political_satisfaction",1,475
"1209",4,"CY","GRE","political_satisfaction",1,378
"1210",4,"CY","GRE","political_satisfaction",2,403
"1211",4,"SK","SLO","political_satisfaction",1,564
"1212",4,"SK","SLO","political_satisfaction",2,562
"1213",4,"PL","POL","political_satisfaction",1,548
"1214",4,"DE","GER","political_satisfaction",1,942
"1215",4,"DE","GER","political_satisfaction",2,883
"1216",4,"CH","GER","political_satisfaction",2,417
"1217",4,"FI","FIN","political_satisfaction",2,215
"1218",4,"PL","POL","political_satisfaction",2,518
"1219",4,"CH","FRE","political_satisfaction",2,122
"1220",4,"FI","FIN","political_satisfaction",1,202
"1221",4,"BE","DUT","political_satisfaction",1,352
"1222",4,"BE","DUT","political_satisfaction",2,341
"1223",4,"NO","NOR","political_satisfaction",2,277
"1224",4,"EE","RUS","political_satisfaction",1,159
"1225",4,"CH","FRE","political_satisfaction",1,126
"1226",4,"GB","ENG","political_satisfaction",1,747
"1227",4,"GB","ENG","political_satisfaction",2,750
"1228",4,"SE","SWE","political_satisfaction",2,169
"1229",4,"DK","DAN","political_satisfaction",2,531
"1230",4,"FI","999","political_satisfaction",1,1
"1231",4,"FR","FRE","political_satisfaction",2,583
"1232",4,"FR","FRE","political_satisfaction",1,699
"1233",4,"NL","DUT","political_satisfaction",1,541
"1234",4,"NL","DUT","political_satisfaction",2,537
"1235",4,"IL","ARA","political_satisfaction",1,100
"1236",4,"IL","ARA","political_satisfaction",2,90
"1237",4,"CZ","CZE","left-right_orientation",2,666
"1238",4,"HR","HRV","left-right_orientation",1,525
"1239",4,"IL","HEB","left-right_orientation",2,651
"1240",4,"LV","LAV","left-right_orientation",1,456
"1241",4,"SI","SLV","left-right_orientation",1,416
"1242",4,"TR","TUR","left-right_orientation",1,805
"1243",4,"UA","RUS","left-right_orientation",1,315
"1244",4,"IL","HEB","left-right_orientation",1,644
"1245",4,"LV","RUS","left-right_orientation",2,183
"1246",4,"NO","NOR","left-right_orientation",1,267
"1247",4,"RO","RUM","left-right_orientation",1,689
"1248",4,"TR","TUR","left-right_orientation",2,763
"1249",4,"CH","FRE","left-right_orientation",2,131
"1250",4,"EE","EST","left-right_orientation",1,384
"1251",4,"EE","EST","left-right_orientation",2,339
"1252",4,"PT","POR","left-right_orientation",1,869
"1253",4,"UA","UKR","left-right_orientation",2,278
"1254",4,"SE","SWE","left-right_orientation",1,187
"1255",4,"DK","DAN","left-right_orientation",1,528
"1256",4,"BG","BUL","left-right_orientation",2,724
"1257",4,"ES","SPA","left-right_orientation",1,549
"1258",4,"GR","GRE","left-right_orientation",1,704
"1259",4,"HR","HRV","left-right_orientation",2,452
"1260",4,"LV","RUS","left-right_orientation",1,181
"1261",4,"RO","RUM","left-right_orientation",2,686
"1262",4,"BG","BUL","left-right_orientation",1,735
"1263",4,"PT","POR","left-right_orientation",2,739
"1264",4,"SI","SLV","left-right_orientation",2,431
"1265",4,"UA","UKR","left-right_orientation",1,290
"1266",4,"BE","FRE","left-right_orientation",1,263
"1267",4,"BE","FRE","left-right_orientation",2,205
"1268",4,"EE","RUS","left-right_orientation",2,135
"1269",4,"GR","GRE","left-right_orientation",2,668
"1270",4,"LV","LAV","left-right_orientation",2,469
"1271",4,"RU","RUS","left-right_orientation",2,813
"1272",4,"RU","RUS","left-right_orientation",1,822
"1273",4,"CZ","CZE","left-right_orientation",1,671
"1274",4,"ES","SPA","left-right_orientation",2,599
"1275",4,"NO","NOR","left-right_orientation",2,289
"1276",4,"CY","GRE","left-right_orientation",2,391
"1277",4,"PL","POL","left-right_orientation",2,529
"1278",4,"UA","RUS","left-right_orientation",2,317
"1279",4,"CH","GER","left-right_orientation",1,469
"1280",4,"CY","GRE","left-right_orientation",1,378
"1281",4,"SK","SLO","left-right_orientation",1,563
"1282",4,"PL","POL","left-right_orientation",1,553
"1283",4,"DE","GER","left-right_orientation",1,946
"1284",4,"DE","GER","left-right_orientation",2,912
"1285",4,"FI","FIN","left-right_orientation",2,210
"1286",4,"ES","999","left-right_orientation",2,1
"1287",4,"FI","FIN","left-right_orientation",1,202
"1288",4,"BE","DUT","left-right_orientation",1,355
"1289",4,"SK","SLO","left-right_orientation",2,559
"1290",4,"CH","GER","left-right_orientation",2,469
"1291",4,"BE","DUT","left-right_orientation",2,362
"1292",4,"EE","RUS","left-right_orientation",1,159
"1293",4,"CH","FRE","left-right_orientation",1,127
"1294",4,"GB","ENG","left-right_orientation",1,750
"1295",4,"GB","ENG","left-right_orientation",2,760
"1296",4,"FI","999","left-right_orientation",2,2
"1297",4,"FI","999","left-right_orientation",1,1
"1298",4,"DK","DAN","left-right_orientation",2,523
"1299",4,"SE","SWE","left-right_orientation",2,208
"1300",4,"FR","FRE","left-right_orientation",1,703
"1301",4,"FR","FRE","left-right_orientation",2,785
"1302",4,"NL","DUT","left-right_orientation",1,541
"1303",4,"NL","DUT","left-right_orientation",2,567
"1304",4,"IL","ARA","left-right_orientation",1,101
"1305",4,"IL","ARA","left-right_orientation",2,95
"1306",5,"CH","FRE","effectiveness_of_the_police",2,115
"1307",5,"CZ","CZE","effectiveness_of_the_police",1,769
"1308",5,"ES","SPA","effectiveness_of_the_police",1,597
"1309",5,"LT","LIT","effectiveness_of_the_police",1,491
"1310",5,"NO","NOR","effectiveness_of_the_police",1,502
"1311",5,"UA","RUS","effectiveness_of_the_police",1,360
"1312",5,"LT","LIT","effectiveness_of_the_police",2,569
"1313",5,"SI","SLV","effectiveness_of_the_police",2,441
"1314",5,"UA","RUS","effectiveness_of_the_police",2,338
"1315",5,"SE","SWE","effectiveness_of_the_police",1,485
"1316",5,"FI","FIN","effectiveness_of_the_police",1,422
"1317",5,"GR","GRE","effectiveness_of_the_police",1,909
"1318",5,"FR","FRE","effectiveness_of_the_police",2,534
"1319",5,"GR","GRE","effectiveness_of_the_police",2,891
"1320",5,"RU","RUS","effectiveness_of_the_police",2,833
"1321",5,"SK","SLO","effectiveness_of_the_police",2,580
"1322",5,"BE","FRE","effectiveness_of_the_police",1,210
"1323",5,"SK","SLO","effectiveness_of_the_police",1,564
"1324",5,"FI","FIN","effectiveness_of_the_police",2,429
"1325",5,"BG","BUL","effectiveness_of_the_police",1,772
"1326",5,"HR","HRV","effectiveness_of_the_police",1,505
"1327",5,"BE","DUT","effectiveness_of_the_police",1,363
"1328",5,"BE","DUT","effectiveness_of_the_police",2,348
"1329",5,"BG","BUL","effectiveness_of_the_police",2,783
"1330",5,"ES","SPA","effectiveness_of_the_police",2,580
"1331",5,"SI","SLV","effectiveness_of_the_police",1,443
"1332",5,"FR","FRE","effectiveness_of_the_police",1,545
"1333",5,"NO","NOR","effectiveness_of_the_police",2,487
"1334",5,"IL","HEB","effectiveness_of_the_police",1,555
"1335",5,"HR","HRV","effectiveness_of_the_police",2,488
"1336",5,"RU","RUS","effectiveness_of_the_police",1,840
"1337",5,"PL","POL","effectiveness_of_the_police",1,574
"1338",5,"GB","ENG","effectiveness_of_the_police",2,718
"1339",5,"GB","ENG","effectiveness_of_the_police",1,787
"1340",5,"DK","DAN","effectiveness_of_the_police",1,513
"1341",5,"CY","GRE","effectiveness_of_the_police",2,305
"1342",5,"CY","GRE","effectiveness_of_the_police",1,300
"1343",5,"DE","GER","effectiveness_of_the_police",2,994
"1344",5,"BE","FRE","effectiveness_of_the_police",2,206
"1345",5,"CH","GER","effectiveness_of_the_police",1,357
"1346",5,"IL","HEB","effectiveness_of_the_police",2,506
"1347",5,"UA","UKR","effectiveness_of_the_police",2,241
"1348",5,"CH","GER","effectiveness_of_the_police",2,381
"1349",5,"PL","POL","effectiveness_of_the_police",2,539
"1350",5,"CH","FRE","effectiveness_of_the_police",1,100
"1351",5,"FI","999","effectiveness_of_the_police",2,2
"1352",5,"UA","UKR","effectiveness_of_the_police",1,258
"1353",5,"FI","999","effectiveness_of_the_police",1,3
"1354",5,"DE","GER","effectiveness_of_the_police",1,996
"1355",5,"CZ","CZE","effectiveness_of_the_police",2,771
"1356",5,"IE","ENG","effectiveness_of_the_police",2,551
"1357",5,"IE","ENG","effectiveness_of_the_police",1,551
"1358",5,"SE","SWE","effectiveness_of_the_police",2,509
"1359",5,"DK","DAN","effectiveness_of_the_police",2,517
"1360",5,"NL","DUT","effectiveness_of_the_police",2,557
"1361",5,"NL","DUT","effectiveness_of_the_police",1,578
"1362",5,"IL","ARA","effectiveness_of_the_police",2,117
"1363",5,"IL","ARA","effectiveness_of_the_police",1,120
"1364",5,"CH","FRE","satisfaction_with_the_police",2,116
"1365",5,"ES","SPA","satisfaction_with_the_police",1,601
"1366",5,"NO","NOR","satisfaction_with_the_police",1,502
"1367",5,"UA","RUS","satisfaction_with_the_police",1,372
"1368",5,"LT","LIT","satisfaction_with_the_police",2,567
"1369",5,"SI","SLV","satisfaction_with_the_police",2,443
"1370",5,"UA","RUS","satisfaction_with_the_police",2,355
"1371",5,"HR","HRV","satisfaction_with_the_police",1,519
"1372",5,"LT","LIT","satisfaction_with_the_police",1,490
"1373",5,"SE","SWE","satisfaction_with_the_police",1,486
"1374",5,"FI","FIN","satisfaction_with_the_police",1,423
"1375",5,"GR","GRE","satisfaction_with_the_police",1,917
"1376",5,"FR","FRE","satisfaction_with_the_police",2,528
"1377",5,"GR","GRE","satisfaction_with_the_police",2,899
"1378",5,"RU","RUS","satisfaction_with_the_police",2,837
"1379",5,"SK","SLO","satisfaction_with_the_police",2,575
"1380",5,"BE","FRE","satisfaction_with_the_police",1,210
"1381",5,"SK","SLO","satisfaction_with_the_police",1,565
"1382",5,"FI","FIN","satisfaction_with_the_police",2,427
"1383",5,"BG","BUL","satisfaction_with_the_police",1,802
"1384",5,"BE","DUT","satisfaction_with_the_police",1,363
"1385",5,"BE","DUT","satisfaction_with_the_police",2,348
"1386",5,"BG","BUL","satisfaction_with_the_police",2,788
"1387",5,"ES","SPA","satisfaction_with_the_police",2,585
"1388",5,"SI","SLV","satisfaction_with_the_police",1,447
"1389",5,"FR","FRE","satisfaction_with_the_police",1,550
"1390",5,"NO","NOR","satisfaction_with_the_police",2,489
"1391",5,"IL","HEB","satisfaction_with_the_police",1,593
"1392",5,"HR","HRV","satisfaction_with_the_police",2,497
"1393",5,"RU","RUS","satisfaction_with_the_police",1,858
"1394",5,"PL","POL","satisfaction_with_the_police",1,590
"1395",5,"GB","ENG","satisfaction_with_the_police",2,738
"1396",5,"GB","ENG","satisfaction_with_the_police",1,800
"1397",5,"DK","DAN","satisfaction_with_the_police",1,514
"1398",5,"CY","GRE","satisfaction_with_the_police",2,312
"1399",5,"CY","GRE","satisfaction_with_the_police",1,314
"1400",5,"DE","GER","satisfaction_with_the_police",2,992
"1401",5,"BE","FRE","satisfaction_with_the_police",2,206
"1402",5,"CH","GER","satisfaction_with_the_police",1,356
"1403",5,"IL","HEB","satisfaction_with_the_police",2,559
"1404",5,"UA","UKR","satisfaction_with_the_police",2,255
"1405",5,"CH","GER","satisfaction_with_the_police",2,382
"1406",5,"PL","POL","satisfaction_with_the_police",2,551
"1407",5,"CH","FRE","satisfaction_with_the_police",1,100
"1408",5,"FI","999","satisfaction_with_the_police",2,2
"1409",5,"UA","UKR","satisfaction_with_the_police",1,258
"1410",5,"FI","999","satisfaction_with_the_police",1,3
"1411",5,"DE","GER","satisfaction_with_the_police",1,1000
"1412",5,"IE","ENG","satisfaction_with_the_police",2,554
"1413",5,"IE","ENG","satisfaction_with_the_police",1,557
"1414",5,"SE","SWE","satisfaction_with_the_police",2,511
"1415",5,"DK","DAN","satisfaction_with_the_police",2,521
"1416",5,"NL","DUT","satisfaction_with_the_police",2,561
"1417",5,"NL","DUT","satisfaction_with_the_police",1,576
"1418",5,"IL","ARA","satisfaction_with_the_police",2,117
"1419",5,"IL","ARA","satisfaction_with_the_police",1,120
"1420",5,"CH","FRE","evaluation_of_the_police",2,116
"1421",5,"CZ","CZE","evaluation_of_the_police",1,752
"1422",5,"ES","SPA","evaluation_of_the_police",1,599
"1423",5,"LT","LIT","evaluation_of_the_police",1,492
"1424",5,"NO","NOR","evaluation_of_the_police",1,498
"1425",5,"UA","RUS","evaluation_of_the_police",1,367
"1426",5,"LT","LIT","evaluation_of_the_police",2,570
"1427",5,"SI","SLV","evaluation_of_the_police",2,439
"1428",5,"UA","RUS","evaluation_of_the_police",2,357
"1429",5,"HR","HRV","evaluation_of_the_police",1,511
"1430",5,"SE","SWE","evaluation_of_the_police",1,484
"1431",5,"FI","FIN","evaluation_of_the_police",1,424
"1432",5,"GR","GRE","evaluation_of_the_police",1,906
"1433",5,"FR","FRE","evaluation_of_the_police",2,533
"1434",5,"GR","GRE","evaluation_of_the_police",2,882
"1435",5,"RU","RUS","evaluation_of_the_police",2,817
"1436",5,"SK","SLO","evaluation_of_the_police",2,558
"1437",5,"BE","FRE","evaluation_of_the_police",1,209
"1438",5,"SK","SLO","evaluation_of_the_police",1,542
"1439",5,"FI","FIN","evaluation_of_the_police",2,427
"1440",5,"BG","BUL","evaluation_of_the_police",1,787
"1441",5,"BE","DUT","evaluation_of_the_police",1,363
"1442",5,"BE","DUT","evaluation_of_the_police",2,347
"1443",5,"BG","BUL","evaluation_of_the_police",2,765
"1444",5,"ES","SPA","evaluation_of_the_police",2,582
"1445",5,"SI","SLV","evaluation_of_the_police",1,434
"1446",5,"FR","FRE","evaluation_of_the_police",1,551
"1447",5,"NO","NOR","evaluation_of_the_police",2,489
"1448",5,"IL","HEB","evaluation_of_the_police",1,561
"1449",5,"HR","HRV","evaluation_of_the_police",2,489
"1450",5,"PL","POL","evaluation_of_the_police",1,583
"1451",5,"GB","ENG","evaluation_of_the_police",2,738
"1452",5,"GB","ENG","evaluation_of_the_police",1,795
"1453",5,"DK","DAN","evaluation_of_the_police",1,514
"1454",5,"CY","GRE","evaluation_of_the_police",2,305
"1455",5,"CY","GRE","evaluation_of_the_police",1,301
"1456",5,"DE","GER","evaluation_of_the_police",2,988
"1457",5,"BE","FRE","evaluation_of_the_police",2,206
"1458",5,"CH","GER","evaluation_of_the_police",1,356
"1459",5,"IL","HEB","evaluation_of_the_police",2,532
"1460",5,"UA","UKR","evaluation_of_the_police",2,245
"1461",5,"CH","GER","evaluation_of_the_police",2,383
"1462",5,"PL","POL","evaluation_of_the_police",2,544
"1463",5,"RU","RUS","evaluation_of_the_police",1,845
"1464",5,"CH","FRE","evaluation_of_the_police",1,99
"1465",5,"FI","999","evaluation_of_the_police",2,2
"1466",5,"UA","UKR","evaluation_of_the_police",1,252
"1467",5,"FI","999","evaluation_of_the_police",1,3
"1468",5,"DE","GER","evaluation_of_the_police",1,992
"1469",5,"CZ","CZE","evaluation_of_the_police",2,759
"1470",5,"IE","ENG","evaluation_of_the_police",2,557
"1471",5,"IE","ENG","evaluation_of_the_police",1,545
"1472",5,"SE","SWE","evaluation_of_the_police",2,510
"1473",5,"DK","DAN","evaluation_of_the_police",2,522
"1474",5,"NL","DUT","evaluation_of_the_police",2,556
"1475",5,"NL","DUT","evaluation_of_the_police",1,574
"1476",5,"IL","ARA","evaluation_of_the_police",2,117
"1477",5,"IL","ARA","evaluation_of_the_police",1,115
"1478",6,"EE","EST","evaluation_of_immigration",1,408
"1479",6,"PT","POR","evaluation_of_immigration",1,408
"1480",6,"RU","RUS","evaluation_of_immigration",1,614
"1481",6,"FR","FRE","evaluation_of_immigration",1,508
"1482",6,"IL","HEB","evaluation_of_immigration",1,475
"1483",6,"SI","SLV","evaluation_of_immigration",2,327
"1484",6,"CH","GER","evaluation_of_immigration",1,268
"1485",6,"IL","HEB","evaluation_of_immigration",2,451
"1486",6,"LT","LIT","evaluation_of_immigration",1,482
"1487",6,"CY","GRE","evaluation_of_immigration",2,268
"1488",6,"HU","HUN","evaluation_of_immigration",2,496
"1489",6,"HU","HUN","evaluation_of_immigration",1,460
"1490",6,"FI","FIN","evaluation_of_immigration",1,512
"1491",6,"NO","NOR","evaluation_of_immigration",2,394
"1492",6,"SE","SWE","evaluation_of_immigration",2,436
"1493",6,"SI","SLV","evaluation_of_immigration",1,301
"1494",6,"BE","FRE","evaluation_of_immigration",2,182
"1495",6,"BE","FRE","evaluation_of_immigration",1,187
"1496",6,"CY","GRE","evaluation_of_immigration",1,284
"1497",6,"ES","SPA","evaluation_of_immigration",1,426
"1498",6,"LT","LIT","evaluation_of_immigration",2,479
"1499",6,"FI","FIN","evaluation_of_immigration",2,529
"1500",6,"BG","BUL","evaluation_of_immigration",1,497
"1501",6,"EE","EST","evaluation_of_immigration",2,423
"1502",6,"UA","UKR","evaluation_of_immigration",1,226
"1503",6,"ES","SPA","evaluation_of_immigration",2,448
"1504",6,"RU","RUS","evaluation_of_immigration",2,581
"1505",6,"SE","SWE","evaluation_of_immigration",1,455
"1506",6,"UA","UKR","evaluation_of_immigration",2,228
"1507",6,"NO","NOR","evaluation_of_immigration",1,384
"1508",6,"FR","FRE","evaluation_of_immigration",2,490
"1509",6,"BG","BUL","evaluation_of_immigration",2,501
"1510",6,"PL","POL","evaluation_of_immigration",1,454
"1511",6,"UA","RUS","evaluation_of_immigration",2,265
"1512",6,"BE","DUT","evaluation_of_immigration",1,267
"1513",6,"GB","ENG","evaluation_of_immigration",2,529
"1514",6,"CH","FRE","evaluation_of_immigration",1,82
"1515",6,"IT","ITA","evaluation_of_immigration",2,196
"1516",6,"GB","ENG","evaluation_of_immigration",1,512
"1517",6,"UA","RUS","evaluation_of_immigration",1,290
"1518",6,"EE","RUS","evaluation_of_immigration",1,173
"1519",6,"BE","DUT","evaluation_of_immigration",2,254
"1520",6,"CH","GER","evaluation_of_immigration",2,242
"1521",6,"IT","ITA","evaluation_of_immigration",1,260
"1522",6,"PT","POR","evaluation_of_immigration",2,435
"1523",6,"PL","POL","evaluation_of_immigration",2,462
"1524",6,"EE","RUS","evaluation_of_immigration",2,171
"1525",6,"CH","FRE","evaluation_of_immigration",2,69
"1526",6,"DE","GER","evaluation_of_immigration",1,738
"1527",6,"DE","GER","evaluation_of_immigration",2,745
"1528",6,"IS","ICE","evaluation_of_immigration",1,193
"1529",6,"SK","SLO","evaluation_of_immigration",1,430
"1530",6,"SK","SLO","evaluation_of_immigration",2,403
"1531",6,"IS","ICE","evaluation_of_immigration",2,168
"1532",6,"SK","999","evaluation_of_immigration",2,2
"1533",6,"CZ","CZE","evaluation_of_immigration",1,473
"1534",6,"CZ","999","evaluation_of_immigration",1,1
"1535",6,"IE","ENG","evaluation_of_immigration",1,651
"1536",6,"IE","ENG","evaluation_of_immigration",2,655
"1537",6,"CZ","999","evaluation_of_immigration",2,3
"1538",6,"CZ","CZE","evaluation_of_immigration",2,467
"1539",6,"NL","DUT","evaluation_of_immigration",2,445
"1540",6,"NL","DUT","evaluation_of_immigration",1,461
"1541",6,"IL","ARA","evaluation_of_immigration",1,83
"1542",6,"IL","ARA","evaluation_of_immigration",2,79
"1543",6,"DK","DAN","evaluation_of_immigration",1,409
"1544",6,"DK","DAN","evaluation_of_immigration",2,411
"1545",6,"EE","EST","feelings_past_week",3,416
"1546",6,"ES","SPA","feelings_past_week",2,470
"1547",6,"IL","HEB","feelings_past_week",1,517
"1548",6,"LT","LIT","feelings_past_week",1,484
"1549",6,"PT","POR","feelings_past_week",3,413
"1550",6,"RU","RUS","feelings_past_week",3,624
"1551",6,"SI","SLV","feelings_past_week",1,294
"1552",6,"UA","RUS","feelings_past_week",1,294
"1553",6,"FR","FRE","feelings_past_week",3,510
"1554",6,"IL","HEB","feelings_past_week",3,519
"1555",6,"LT","LIT","feelings_past_week",2,492
"1556",6,"PT","POR","feelings_past_week",2,446
"1557",6,"SI","SLV","feelings_past_week",4,328
"1558",6,"CH","GER","feelings_past_week",3,269
"1559",6,"CY","GRE","feelings_past_week",2,285
"1560",6,"FR","FRE","feelings_past_week",1,471
"1561",6,"IL","HEB","feelings_past_week",4,504
"1562",6,"LT","LIT","feelings_past_week",3,482
"1563",6,"PT","POR","feelings_past_week",1,849
"1564",6,"CY","GRE","feelings_past_week",4,269
"1565",6,"EE","EST","feelings_past_week",1,412
"1566",6,"IL","HEB","feelings_past_week",2,524
"1567",6,"SE","SWE","feelings_past_week",1,474
"1568",6,"SI","SLV","feelings_past_week",2,318
"1569",6,"FI","FIN","feelings_past_week",2,507
"1570",6,"HU","HUN","feelings_past_week",4,500
"1571",6,"HU","HUN","feelings_past_week",1,496
"1572",6,"FI","FIN","feelings_past_week",1,488
"1573",6,"HU","HUN","feelings_past_week",3,462
"1574",6,"FI","FIN","feelings_past_week",3,513
"1575",6,"NO","NOR","feelings_past_week",4,394
"1576",6,"CZ","CZE","feelings_past_week",1,504
"1577",6,"IS","ICE","feelings_past_week",1,177
"1578",6,"SE","SWE","feelings_past_week",4,436
"1579",6,"SI","SLV","feelings_past_week",3,305
"1580",6,"UA","UKR","feelings_past_week",2,239
"1581",6,"BE","FRE","feelings_past_week",4,182
"1582",6,"BE","FRE","feelings_past_week",2,218
"1583",6,"BE","FRE","feelings_past_week",1,194
"1584",6,"BE","FRE","feelings_past_week",3,187
"1585",6,"HU","HUN","feelings_past_week",2,503
"1586",6,"BG","BUL","feelings_past_week",2,569
"1587",6,"CY","GRE","feelings_past_week",3,284
"1588",6,"ES","SPA","feelings_past_week",3,430
"1589",6,"FR","FRE","feelings_past_week",2,491
"1590",6,"LT","LIT","feelings_past_week",4,479
"1591",6,"NO","NOR","feelings_past_week",2,392
"1592",6,"FI","FIN","feelings_past_week",4,529
"1593",6,"BG","BUL","feelings_past_week",3,553
"1594",6,"EE","EST","feelings_past_week",4,429
"1595",6,"ES","SPA","feelings_past_week",1,439
"1596",6,"UA","UKR","feelings_past_week",3,235
"1597",6,"CH","FRE","feelings_past_week",1,86
"1598",6,"ES","SPA","feelings_past_week",4,458
"1599",6,"RU","RUS","feelings_past_week",4,590
"1600",6,"BG","BUL","feelings_past_week",1,545
"1601",6,"SE","SWE","feelings_past_week",3,457
"1602",6,"UA","UKR","feelings_past_week",4,238
"1603",6,"NO","NOR","feelings_past_week",3,384
"1604",6,"CH","FRE","feelings_past_week",2,87
"1605",6,"EE","EST","feelings_past_week",2,430
"1606",6,"FR","FRE","feelings_past_week",4,491
"1607",6,"RU","RUS","feelings_past_week",2,623
"1608",6,"BG","BUL","feelings_past_week",4,549
"1609",6,"CY","GRE","feelings_past_week",1,273
"1610",6,"NO","NOR","feelings_past_week",1,403
"1611",6,"CH","GER","feelings_past_week",2,296
"1612",6,"SE","SWE","feelings_past_week",2,476
"1613",6,"CH","GER","feelings_past_week",1,317
"1614",6,"PL","POL","feelings_past_week",3,462
"1615",6,"UA","RUS","feelings_past_week",4,278
"1616",6,"GB","ENG","feelings_past_week",2,562
"1617",6,"BE","DUT","feelings_past_week",3,268
"1618",6,"GB","ENG","feelings_past_week",4,535
"1619",6,"GB","ENG","feelings_past_week",1,563
"1620",6,"CH","FRE","feelings_past_week",3,82
"1621",6,"CZ","CZE","feelings_past_week",2,490
"1622",6,"IT","ITA","feelings_past_week",4,190
"1623",6,"UA","UKR","feelings_past_week",1,254
"1624",6,"PL","POL","feelings_past_week",2,470
"1625",6,"EE","RUS","feelings_past_week",2,152
"1626",6,"UA","RUS","feelings_past_week",2,298
"1627",6,"BE","DUT","feelings_past_week",1,254
"1628",6,"BE","DUT","feelings_past_week",2,309
"1629",6,"GB","ENG","feelings_past_week",3,520
"1630",6,"RU","RUS","feelings_past_week",1,627
"1631",6,"EE","RUS","feelings_past_week",1,160
"1632",6,"UA","RUS","feelings_past_week",3,302
"1633",6,"EE","RUS","feelings_past_week",3,180
"1634",6,"BE","DUT","feelings_past_week",4,254
"1635",6,"CH","GER","feelings_past_week",4,244
"1636",6,"IT","ITA","feelings_past_week",3,247
"1637",6,"PT","POR","feelings_past_week",4,438
"1638",6,"PL","POL","feelings_past_week",4,474
"1639",6,"IT","ITA","feelings_past_week",1,235
"1640",6,"EE","RUS","feelings_past_week",4,179
"1641",6,"PL","POL","feelings_past_week",1,471
"1642",6,"IS","ICE","feelings_past_week",3,195
"1643",6,"CH","FRE","feelings_past_week",4,70
"1644",6,"DE","GER","feelings_past_week",1,707
"1645",6,"DE","GER","feelings_past_week",3,739
"1646",6,"DE","GER","feelings_past_week",4,747
"1647",6,"DE","GER","feelings_past_week",2,751
"1648",6,"IT","ITA","feelings_past_week",2,186
"1649",6,"IS","ICE","feelings_past_week",2,164
"1650",6,"FI","999","feelings_past_week",1,1
"1651",6,"SK","SLO","feelings_past_week",3,443
"1652",6,"SK","SLO","feelings_past_week",4,413
"1653",6,"SK","SLO","feelings_past_week",2,456
"1654",6,"SK","SLO","feelings_past_week",1,443
"1655",6,"SK","999","feelings_past_week",2,2
"1656",6,"IS","ICE","feelings_past_week",4,170
"1657",6,"SK","999","feelings_past_week",4,2
"1658",6,"SK","999","feelings_past_week",1,1
"1659",6,"CZ","CZE","feelings_past_week",3,482
"1660",6,"CZ","999","feelings_past_week",3,1
"1661",6,"IE","ENG","feelings_past_week",3,655
"1662",6,"IE","ENG","feelings_past_week",2,679
"1663",6,"IE","ENG","feelings_past_week",1,626
"1664",6,"IE","ENG","feelings_past_week",4,660
"1665",6,"CZ","999","feelings_past_week",4,3
"1666",6,"CZ","CZE","feelings_past_week",4,487
"1667",6,"NL","DUT","feelings_past_week",2,425
"1668",6,"NL","DUT","feelings_past_week",4,448
"1669",6,"NL","DUT","feelings_past_week",1,464
"1670",6,"NL","DUT","feelings_past_week",3,461
"1671",6,"DK","DAN","feelings_past_week",1,382
"1672",6,"IL","ARA","feelings_past_week",3,86
"1673",6,"IL","ARA","feelings_past_week",2,87
"1674",6,"IL","ARA","feelings_past_week",1,88
"1675",6,"IL","ARA","feelings_past_week",4,82
"1676",6,"DK","DAN","feelings_past_week",2,421
"1677",6,"DK","DAN","feelings_past_week",3,413
"1678",6,"DK","DAN","feelings_past_week",4,414
"1679",6,"EE","EST","everyday_life_engagement",3,416
"1680",6,"ES","SPA","everyday_life_engagement",2,467
"1681",6,"LT","LIT","everyday_life_engagement",1,484
"1682",6,"PT","POR","everyday_life_engagement",3,413
"1683",6,"RU","RUS","everyday_life_engagement",3,617
"1684",6,"SI","SLV","everyday_life_engagement",1,292
"1685",6,"UA","RUS","everyday_life_engagement",1,287
"1686",6,"FR","FRE","everyday_life_engagement",3,509
"1687",6,"IL","HEB","everyday_life_engagement",3,515
"1688",6,"LT","LIT","everyday_life_engagement",2,491
"1689",6,"PT","POR","everyday_life_engagement",2,445
"1690",6,"SI","SLV","everyday_life_engagement",4,326
"1691",6,"CH","GER","everyday_life_engagement",3,269
"1692",6,"CY","GRE","everyday_life_engagement",2,283
"1693",6,"FR","FRE","everyday_life_engagement",1,471
"1694",6,"IL","HEB","everyday_life_engagement",4,499
"1695",6,"LT","LIT","everyday_life_engagement",3,481
"1696",6,"PT","POR","everyday_life_engagement",1,847
"1697",6,"CY","GRE","everyday_life_engagement",4,265
"1698",6,"EE","EST","everyday_life_engagement",1,409
"1699",6,"IL","HEB","everyday_life_engagement",2,516
"1700",6,"SE","SWE","everyday_life_engagement",1,472
"1701",6,"SI","SLV","everyday_life_engagement",2,315
"1702",6,"FI","FIN","everyday_life_engagement",2,506
"1703",6,"HU","HUN","everyday_life_engagement",4,498
"1704",6,"HU","HUN","everyday_life_engagement",1,497
"1705",6,"FI","FIN","everyday_life_engagement",1,487
"1706",6,"HU","HUN","everyday_life_engagement",3,463
"1707",6,"FI","FIN","everyday_life_engagement",3,513
"1708",6,"NO","NOR","everyday_life_engagement",4,393
"1709",6,"CZ","CZE","everyday_life_engagement",1,501
"1710",6,"IS","ICE","everyday_life_engagement",1,189
"1711",6,"SE","SWE","everyday_life_engagement",4,434
"1712",6,"SI","SLV","everyday_life_engagement",3,302
"1713",6,"UA","UKR","everyday_life_engagement",2,233
"1714",6,"BE","FRE","everyday_life_engagement",4,182
"1715",6,"BE","FRE","everyday_life_engagement",2,218
"1716",6,"BE","FRE","everyday_life_engagement",1,194
"1717",6,"BE","FRE","everyday_life_engagement",3,187
"1718",6,"HU","HUN","everyday_life_engagement",2,507
"1719",6,"BG","BUL","everyday_life_engagement",2,561
"1720",6,"CY","GRE","everyday_life_engagement",3,277
"1721",6,"ES","SPA","everyday_life_engagement",3,429
"1722",6,"FR","FRE","everyday_life_engagement",2,484
"1723",6,"LT","LIT","everyday_life_engagement",4,477
"1724",6,"NO","NOR","everyday_life_engagement",2,392
"1725",6,"FI","FIN","everyday_life_engagement",4,530
"1726",6,"EE","EST","everyday_life_engagement",4,429
"1727",6,"ES","SPA","everyday_life_engagement",1,437
"1728",6,"IL","HEB","everyday_life_engagement",1,513
"1729",6,"UA","UKR","everyday_life_engagement",3,234
"1730",6,"CH","FRE","everyday_life_engagement",1,86
"1731",6,"ES","SPA","everyday_life_engagement",4,455
"1732",6,"RU","RUS","everyday_life_engagement",4,591
"1733",6,"BG","BUL","everyday_life_engagement",1,539
"1734",6,"SE","SWE","everyday_life_engagement",3,455
"1735",6,"UA","UKR","everyday_life_engagement",4,230
"1736",6,"NO","NOR","everyday_life_engagement",3,384
"1737",6,"CH","FRE","everyday_life_engagement",2,87
"1738",6,"EE","EST","everyday_life_engagement",2,427
"1739",6,"FR","FRE","everyday_life_engagement",4,487
"1740",6,"RU","RUS","everyday_life_engagement",2,620
"1741",6,"BG","BUL","everyday_life_engagement",4,544
"1742",6,"CY","GRE","everyday_life_engagement",1,270
"1743",6,"NO","NOR","everyday_life_engagement",1,402
"1744",6,"CH","GER","everyday_life_engagement",2,295
"1745",6,"SE","SWE","everyday_life_engagement",2,475
"1746",6,"CH","GER","everyday_life_engagement",1,317
"1747",6,"PL","POL","everyday_life_engagement",3,459
"1748",6,"UA","RUS","everyday_life_engagement",4,267
"1749",6,"GB","ENG","everyday_life_engagement",2,560
"1750",6,"BE","DUT","everyday_life_engagement",3,268
"1751",6,"GB","ENG","everyday_life_engagement",4,533
"1752",6,"GB","ENG","everyday_life_engagement",1,562
"1753",6,"CH","FRE","everyday_life_engagement",3,82
"1754",6,"CZ","CZE","everyday_life_engagement",2,488
"1755",6,"BG","BUL","everyday_life_engagement",3,537
"1756",6,"IT","ITA","everyday_life_engagement",4,189
"1757",6,"UA","UKR","everyday_life_engagement",1,248
"1758",6,"PL","POL","everyday_life_engagement",2,468
"1759",6,"EE","RUS","everyday_life_engagement",2,150
"1760",6,"IT","ITA","everyday_life_engagement",2,187
"1761",6,"UA","RUS","everyday_life_engagement",2,293
"1762",6,"BE","DUT","everyday_life_engagement",1,254
"1763",6,"BE","DUT","everyday_life_engagement",2,309
"1764",6,"GB","ENG","everyday_life_engagement",3,519
"1765",6,"RU","RUS","everyday_life_engagement",1,626
"1766",6,"EE","RUS","everyday_life_engagement",1,160
"1767",6,"UA","RUS","everyday_life_engagement",3,297
"1768",6,"EE","RUS","everyday_life_engagement",3,179
"1769",6,"BE","DUT","everyday_life_engagement",4,254
"1770",6,"CH","GER","everyday_life_engagement",4,244
"1771",6,"IT","ITA","everyday_life_engagement",3,244
"1772",6,"PT","POR","everyday_life_engagement",4,437
"1773",6,"PL","POL","everyday_life_engagement",4,472
"1774",6,"IT","ITA","everyday_life_engagement",1,233
"1775",6,"EE","RUS","everyday_life_engagement",4,175
"1776",6,"PL","POL","everyday_life_engagement",1,467
"1777",6,"CH","FRE","everyday_life_engagement",4,70
"1778",6,"DE","GER","everyday_life_engagement",1,708
"1779",6,"DE","GER","everyday_life_engagement",3,739
"1780",6,"DE","GER","everyday_life_engagement",4,747
"1781",6,"DE","GER","everyday_life_engagement",2,751
"1782",6,"IS","ICE","everyday_life_engagement",2,176
"1783",6,"FI","999","everyday_life_engagement",1,1
"1784",6,"IS","ICE","everyday_life_engagement",3,194
"1785",6,"SK","SLO","everyday_life_engagement",3,441
"1786",6,"SK","SLO","everyday_life_engagement",4,414
"1787",6,"SK","SLO","everyday_life_engagement",2,453
"1788",6,"SK","SLO","everyday_life_engagement",1,441
"1789",6,"SK","999","everyday_life_engagement",2,2
"1790",6,"IS","ICE","everyday_life_engagement",4,169
"1791",6,"SK","999","everyday_life_engagement",4,2
"1792",6,"SK","999","everyday_life_engagement",1,1
"1793",6,"CZ","CZE","everyday_life_engagement",3,481
"1794",6,"CZ","999","everyday_life_engagement",3,1
"1795",6,"IE","ENG","everyday_life_engagement",3,657
"1796",6,"IE","ENG","everyday_life_engagement",2,680
"1797",6,"IE","ENG","everyday_life_engagement",1,627
"1798",6,"IE","ENG","everyday_life_engagement",4,657
"1799",6,"CZ","999","everyday_life_engagement",4,3
"1800",6,"CZ","CZE","everyday_life_engagement",4,483
"1801",6,"NL","DUT","everyday_life_engagement",2,425
"1802",6,"NL","DUT","everyday_life_engagement",4,447
"1803",6,"NL","DUT","everyday_life_engagement",1,464
"1804",6,"NL","DUT","everyday_life_engagement",3,462
"1805",6,"DK","DAN","everyday_life_engagement",1,377
"1806",6,"IL","ARA","everyday_life_engagement",3,85
"1807",6,"IL","ARA","everyday_life_engagement",2,86
"1808",6,"IL","ARA","everyday_life_engagement",1,88
"1809",6,"IL","ARA","everyday_life_engagement",4,82
"1810",6,"DK","DAN","everyday_life_engagement",2,420
"1811",6,"DK","DAN","everyday_life_engagement",3,409
"1812",6,"DK","DAN","everyday_life_engagement",4,411
"1813",6,"ES","SPA","evaluation_of_democracy",2,455
"1814",6,"IL","HEB","evaluation_of_democracy",1,499
"1815",6,"LT","LIT","evaluation_of_democracy",1,484
"1816",6,"SI","SLV","evaluation_of_democracy",1,286
"1817",6,"UA","RUS","evaluation_of_democracy",1,292
"1818",6,"LT","LIT","evaluation_of_democracy",2,492
"1819",6,"PT","POR","evaluation_of_democracy",2,436
"1820",6,"CY","GRE","evaluation_of_democracy",2,279
"1821",6,"FR","FRE","evaluation_of_democracy",1,465
"1822",6,"PT","POR","evaluation_of_democracy",1,824
"1823",6,"EE","EST","evaluation_of_democracy",1,405
"1824",6,"IL","HEB","evaluation_of_democracy",2,510
"1825",6,"SE","SWE","evaluation_of_democracy",1,463
"1826",6,"SI","SLV","evaluation_of_democracy",2,312
"1827",6,"FI","FIN","evaluation_of_democracy",2,501
"1828",6,"HU","HUN","evaluation_of_democracy",1,491
"1829",6,"CZ","CZE","evaluation_of_democracy",1,488
"1830",6,"IS","ICE","evaluation_of_democracy",1,184
"1831",6,"UA","UKR","evaluation_of_democracy",2,234
"1832",6,"FI","FIN","evaluation_of_democracy",1,484
"1833",6,"BE","FRE","evaluation_of_democracy",2,215
"1834",6,"BE","FRE","evaluation_of_democracy",1,193
"1835",6,"HU","HUN","evaluation_of_democracy",2,500
"1836",6,"BG","BUL","evaluation_of_democracy",2,533
"1837",6,"FR","FRE","evaluation_of_democracy",2,484
"1838",6,"NO","NOR","evaluation_of_democracy",2,389
"1839",6,"ES","SPA","evaluation_of_democracy",1,424
"1840",6,"CH","FRE","evaluation_of_democracy",1,85
"1841",6,"BG","BUL","evaluation_of_democracy",1,513
"1842",6,"CH","FRE","evaluation_of_democracy",2,85
"1843",6,"EE","EST","evaluation_of_democracy",2,416
"1844",6,"RU","RUS","evaluation_of_democracy",2,586
"1845",6,"CY","GRE","evaluation_of_democracy",1,266
"1846",6,"NO","NOR","evaluation_of_democracy",1,399
"1847",6,"CH","GER","evaluation_of_democracy",2,288
"1848",6,"SE","SWE","evaluation_of_democracy",2,467
"1849",6,"CH","GER","evaluation_of_democracy",1,307
"1850",6,"GB","ENG","evaluation_of_democracy",2,541
"1851",6,"GB","ENG","evaluation_of_democracy",1,530
"1852",6,"CZ","CZE","evaluation_of_democracy",2,481
"1853",6,"UA","UKR","evaluation_of_democracy",1,251
"1854",6,"PL","POL","evaluation_of_democracy",2,459
"1855",6,"EE","RUS","evaluation_of_democracy",2,145
"1856",6,"UA","RUS","evaluation_of_democracy",2,289
"1857",6,"BE","DUT","evaluation_of_democracy",1,254
"1858",6,"BE","DUT","evaluation_of_democracy",2,306
"1859",6,"RU","RUS","evaluation_of_democracy",1,597
"1860",6,"EE","RUS","evaluation_of_democracy",1,156
"1861",6,"IT","ITA","evaluation_of_democracy",1,248
"1862",6,"PL","POL","evaluation_of_democracy",1,461
"1863",6,"IT","ITA","evaluation_of_democracy",2,190
"1864",6,"DE","GER","evaluation_of_democracy",1,703
"1865",6,"DE","GER","evaluation_of_democracy",2,751
"1866",6,"IS","ICE","evaluation_of_democracy",2,173
"1867",6,"FI","999","evaluation_of_democracy",1,1
"1868",6,"SK","SLO","evaluation_of_democracy",2,450
"1869",6,"SK","SLO","evaluation_of_democracy",1,437
"1870",6,"SK","999","evaluation_of_democracy",2,2
"1871",6,"SK","999","evaluation_of_democracy",1,1
"1872",6,"IE","ENG","evaluation_of_democracy",2,658
"1873",6,"IE","ENG","evaluation_of_democracy",1,606
"1874",6,"NL","DUT","evaluation_of_democracy",2,421
"1875",6,"NL","DUT","evaluation_of_democracy",1,464
"1876",6,"DK","DAN","evaluation_of_democracy",1,378
"1877",6,"IL","ARA","evaluation_of_democracy",2,85
"1878",6,"IL","ARA","evaluation_of_democracy",1,84
"1879",6,"DK","DAN","evaluation_of_democracy",2,414
"1880",7,"AT","GER","system__responsiveness",1,901
"1881",7,"CH","FRE","system__responsiveness",2,156
"1882",7,"CZ","CZE","system__responsiveness",1,1057
"1883",7,"ES","SPA","system__responsiveness",2,891
"1884",7,"FR","FRE","system__responsiveness",2,949
"1885",7,"IL","HEB","system__responsiveness",2,954
"1886",7,"LT","LIT","system__responsiveness",1,1018
"1887",7,"SI","SLV","system__responsiveness",2,595
"1888",7,"CH","FRE","system__responsiveness",1,182
"1889",7,"ES","SPA","system__responsiveness",1,869
"1890",7,"IL","HEB","system__responsiveness",1,990
"1891",7,"LT","LIT","system__responsiveness",2,1072
"1892",7,"CZ","CZE","system__responsiveness",2,1061
"1893",7,"EE","EST","system__responsiveness",2,640
"1894",7,"IE","ENG","system__responsiveness",1,1151
"1895",7,"SI","SLV","system__responsiveness",1,595
"1896",7,"CH","GER","system__responsiveness",2,560
"1897",7,"IE","ENG","system__responsiveness",2,1206
"1898",7,"SE","SWE","system__responsiveness",1,873
"1899",7,"GB","ENG","system__responsiveness",1,1152
"1900",7,"GB","ENG","system__responsiveness",2,1063
"1901",7,"DE","GER","system__responsiveness",1,1501
"1902",7,"FI","FIN","system__responsiveness",1,989
"1903",7,"FI","FIN","system__responsiveness",2,942
"1904",7,"DE","GER","system__responsiveness",2,1489
"1905",7,"EE","RUS","system__responsiveness",1,374
"1906",7,"BE","DUT","system__responsiveness",1,507
"1907",7,"BE","DUT","system__responsiveness",2,469
"1908",7,"CH","GER","system__responsiveness",1,526
"1909",7,"FR","FRE","system__responsiveness",1,953
"1910",7,"NL","DUT","system__responsiveness",1,854
"1911",7,"NO","NOR","system__responsiveness",2,691
"1912",7,"NO","NOR","system__responsiveness",1,692
"1913",7,"AT","GER","system__responsiveness",2,889
"1914",7,"HU","HUN","system__responsiveness",1,728
"1915",7,"NL","DUT","system__responsiveness",2,862
"1916",7,"SE","SWE","system__responsiveness",2,875
"1917",7,"EE","RUS","system__responsiveness",2,408
"1918",7,"PL","POL","system__responsiveness",2,794
"1919",7,"EE","EST","system__responsiveness",1,610
"1920",7,"PL","POL","system__responsiveness",1,778
"1921",7,"HU","HUN","system__responsiveness",2,706
"1922",7,"BE","FRE","system__responsiveness",2,374
"1923",7,"BE","FRE","system__responsiveness",1,407
"1924",7,"PT","POR","system__responsiveness",1,612
"1925",7,"PT","POR","system__responsiveness",2,636
"1926",7,"IL","ARA","system__responsiveness",2,225
"1927",7,"IL","ARA","system__responsiveness",1,223
"1928",7,"DK","DAN","system__responsiveness",1,734
"1929",7,"DK","DAN","system__responsiveness",2,743
"1930",7,"AT","GER","subjective_competence",1,897
"1931",7,"CH","FRE","subjective_competence",2,157
"1932",7,"CZ","CZE","subjective_competence",1,1053
"1933",7,"ES","SPA","subjective_competence",2,889
"1934",7,"FR","FRE","subjective_competence",2,953
"1935",7,"IL","HEB","subjective_competence",2,954
"1936",7,"LT","LIT","subjective_competence",1,1016
"1937",7,"SI","SLV","subjective_competence",2,595
"1938",7,"CH","FRE","subjective_competence",1,181
"1939",7,"ES","SPA","subjective_competence",1,870
"1940",7,"IL","HEB","subjective_competence",1,971
"1941",7,"LT","LIT","subjective_competence",2,1070
"1942",7,"CZ","CZE","subjective_competence",2,1055
"1943",7,"EE","EST","subjective_competence",2,639
"1944",7,"IE","ENG","subjective_competence",1,1146
"1945",7,"SI","SLV","subjective_competence",1,594
"1946",7,"CH","GER","subjective_competence",2,563
"1947",7,"IE","ENG","subjective_competence",2,1197
"1948",7,"SE","SWE","subjective_competence",1,878
"1949",7,"GB","ENG","subjective_competence",1,1154
"1950",7,"GB","ENG","subjective_competence",2,1065
"1951",7,"DE","GER","subjective_competence",1,1498
"1952",7,"FI","FIN","subjective_competence",1,986
"1953",7,"FI","FIN","subjective_competence",2,940
"1954",7,"DE","GER","subjective_competence",2,1490
"1955",7,"EE","RUS","subjective_competence",1,377
"1956",7,"BE","DUT","subjective_competence",1,508
"1957",7,"BE","DUT","subjective_competence",2,470
"1958",7,"CH","GER","subjective_competence",1,534
"1959",7,"FR","FRE","subjective_competence",1,952
"1960",7,"NL","DUT","subjective_competence",1,852
"1961",7,"NO","NOR","subjective_competence",2,690
"1962",7,"NO","NOR","subjective_competence",1,692
"1963",7,"AT","GER","subjective_competence",2,881
"1964",7,"HU","HUN","subjective_competence",1,727
"1965",7,"NL","DUT","subjective_competence",2,863
"1966",7,"SE","SWE","subjective_competence",2,873
"1967",7,"EE","RUS","subjective_competence",2,407
"1968",7,"PL","POL","subjective_competence",2,798
"1969",7,"EE","EST","subjective_competence",1,612
"1970",7,"PL","POL","subjective_competence",1,784
"1971",7,"HU","HUN","subjective_competence",2,705
"1972",7,"BE","FRE","subjective_competence",2,374
"1973",7,"BE","FRE","subjective_competence",1,408
"1974",7,"PT","POR","subjective_competence",1,611
"1975",7,"PT","POR","subjective_competence",2,632
"1976",7,"IL","ARA","subjective_competence",2,224
"1977",7,"IL","ARA","subjective_competence",1,228
"1978",7,"DK","DAN","subjective_competence",1,738
"1979",7,"DK","DAN","subjective_competence",2,735
"1980",7,"AT","GER","importance_to_immigration",1,901
"1981",7,"CH","FRE","importance_to_immigration",2,160
"1982",7,"CZ","CZE","importance_to_immigration",1,1063
"1983",7,"ES","SPA","importance_to_immigration",2,872
"1984",7,"FR","FRE","importance_to_immigration",2,957
"1985",7,"IL","HEB","importance_to_immigration",2,957
"1986",7,"LT","LIT","importance_to_immigration",1,1017
"1987",7,"SI","SLV","importance_to_immigration",2,597
"1988",7,"CH","FRE","importance_to_immigration",1,184
"1989",7,"ES","SPA","importance_to_immigration",1,850
"1990",7,"IL","HEB","importance_to_immigration",1,988
"1991",7,"LT","LIT","importance_to_immigration",2,1071
"1992",7,"CZ","CZE","importance_to_immigration",2,1067
"1993",7,"EE","EST","importance_to_immigration",2,643
"1994",7,"IE","ENG","importance_to_immigration",1,1164
"1995",7,"SI","SLV","importance_to_immigration",1,598
"1996",7,"CH","GER","importance_to_immigration",2,573
"1997",7,"IE","ENG","importance_to_immigration",2,1216
"1998",7,"SE","SWE","importance_to_immigration",1,879
"1999",7,"GB","ENG","importance_to_immigration",1,1159
"2000",7,"GB","ENG","importance_to_immigration",2,1068
"2001",7,"DE","GER","importance_to_immigration",1,1505
"2002",7,"FI","FIN","importance_to_immigration",1,990
"2003",7,"FI","FIN","importance_to_immigration",2,944
"2004",7,"DE","GER","importance_to_immigration",2,1489
"2005",7,"EE","RUS","importance_to_immigration",1,376
"2006",7,"BE","DUT","importance_to_immigration",1,508
"2007",7,"BE","DUT","importance_to_immigration",2,470
"2008",7,"CH","GER","importance_to_immigration",1,540
"2009",7,"FR","FRE","importance_to_immigration",1,954
"2010",7,"NL","DUT","importance_to_immigration",1,854
"2011",7,"NO","NOR","importance_to_immigration",2,694
"2012",7,"NO","NOR","importance_to_immigration",1,692
"2013",7,"AT","GER","importance_to_immigration",2,891
"2014",7,"HU","HUN","importance_to_immigration",1,729
"2015",7,"NL","DUT","importance_to_immigration",2,864
"2016",7,"SE","SWE","importance_to_immigration",2,881
"2017",7,"EE","RUS","importance_to_immigration",2,410
"2018",7,"PL","POL","importance_to_immigration",2,794
"2019",7,"EE","EST","importance_to_immigration",1,612
"2020",7,"PL","POL","importance_to_immigration",1,781
"2021",7,"HU","HUN","importance_to_immigration",2,712
"2022",7,"BE","FRE","importance_to_immigration",2,375
"2023",7,"BE","FRE","importance_to_immigration",1,408
"2024",7,"PT","POR","importance_to_immigration",1,613
"2025",7,"PT","POR","importance_to_immigration",2,635
"2026",7,"IL","ARA","importance_to_immigration",2,226
"2027",7,"IL","ARA","importance_to_immigration",1,229
"2028",7,"DK","DAN","importance_to_immigration",1,742
"2029",7,"DK","DAN","importance_to_immigration",2,749
